<?xml version="1.0" encoding="UTF-8" ?>
<!DOCTYPE ldml SYSTEM "http://www.unicode.org/cldr/dtd/1.3/ldml.dtd">
<ldml>
	<identity>
		<version number="$Revision: 1.18 $"/>
		<generation date="$Date: 2005/04/21 06:35:48 $"/>
		<language type="as"/>
	</identity>
	<localeDisplayNames>
		<languages>
			<language type="as" draft="true">অসমীয়া</language>
		</languages>
		<territories>
			<territory type="IN" draft="true">ভাৰত</territory>
		</territories>
	</localeDisplayNames>
	<characters>
		<exemplarCharacters draft="true">[ঁ-ঃঅ-ঌএঐও-নপ-যলশ-হ়-ৄেৈো-ৎৗড়ঢ়য়-ৣৰ-৲‌‍]</exemplarCharacters>
	</characters>
	<dates>
		<calendars>
			<calendar type="gregorian">
				<months>
					<monthContext type="format">
						<monthWidth type="abbreviated">
							<month type="1" draft="true">জানু</month>
							<month type="2" draft="true">ফেব্ৰু</month>
							<month type="3" draft="true">মাৰ্চ</month>
							<month type="4" draft="true">এপ্ৰিল</month>
							<month type="5" draft="true">মে</month>
							<month type="6" draft="true">জুন</month>
							<month type="7" draft="true">জুলাই</month>
							<month type="8" draft="true">আগ</month>
							<month type="9" draft="true">সেপ্ট</month>
							<month type="10" draft="true">অক্টো</month>
							<month type="11" draft="true">নভে</month>
							<month type="12" draft="true">ডিসে</month>
						</monthWidth>
						<monthWidth type="wide">
							<month type="1" draft="true">জানুয়াৰী</month>
							<month type="2" draft="true">ফেব্ৰুয়াৰী</month>
							<month type="3" draft="true">মাৰ্চ</month>
							<month type="4" draft="true">এপ্ৰিল</month>
							<month type="5" draft="true">মে</month>
							<month type="6" draft="true">জুন</month>
							<month type="7" draft="true">জুলাই</month>
							<month type="8" draft="true">আগষ্ট</month>
							<month type="9" draft="true">সেপ্টেম্বৰ</month>
							<month type="10" draft="true">অক্টোবৰ</month>
							<month type="11" draft="true">নভেম্বৰ</month>
							<month type="12" draft="true">ডিসেম্বৰ</month>
						</monthWidth>
					</monthContext>
				</months>
				<days>
					<dayContext type="format">
						<dayWidth type="abbreviated">
							<day type="sun" draft="true">ৰবি</day>
							<day type="mon" draft="true">সোম</day>
							<day type="tue" draft="true">মঙ্গল</day>
							<day type="wed" draft="true">বুধ</day>
							<day type="thu" draft="true">বৃহষ্পতি</day>
							<day type="fri" draft="true">শুক্ৰ</day>
							<day type="sat" draft="true">শনি</day>
						</dayWidth>
						<dayWidth type="wide">
							<day type="sun" draft="true">দেওবাৰ</day>
							<day type="sun" alt="variant" draft="true">ৰবিবাৰ</day>
							<day type="mon" draft="true">সোমবাৰ</day>
							<day type="tue" draft="true">মঙ্গলবাৰ</day>
							<day type="wed" draft="true">বুধবাৰ</day>
							<day type="thu" draft="true">বৃহষ্পতিবাৰ</day>
							<day type="fri" draft="true">শুক্ৰবাৰ</day>
							<day type="sat" draft="true">শনিবাৰ</day>
						</dayWidth>
					</dayContext>
				</days>
				<am draft="true">পূৰ্বা</am>
				<pm draft="true">অপ</pm>
			</calendar>
		</calendars>
		<timeZoneNames>
			<zone type="Asia/Calcutta">
				<long>
					<standard draft="true">ভাৰতীয় সময়</standard>
					<daylight draft="true">ভাৰতীয় সময়</daylight>
				</long>
				<short>
					<standard draft="true">ভা. স.</standard>
					<daylight draft="true">ভা. স.</daylight>
				</short>
				<exemplarCity draft="true">এলাহাৱাদ</exemplarCity>
			</zone>
		</timeZoneNames>
	</dates>
	<numbers>
		<currencies>
			<currency type="INR">
				<symbol draft="true">Rs.</symbol>
			</currency>
		</currencies>
	</numbers>
</ldml>