<?xml version="1.0" encoding="UTF-8" ?>
<!DOCTYPE ldml SYSTEM "http://www.unicode.org/cldr/dtd/1.3/ldml.dtd">
<ldml>
	<identity>
		<version number="$Revision: 1.49 $"/>
		<generation date="$Date: 2005/05/03 16:03:25 $"/>
		<language type="el"/>
	</identity>
	<localeDisplayNames>
		<languages>
			<language type="ar">Αραβικά</language>
			<language type="arc">Αραμαϊκά</language>
			<language type="be">Λευκορωσικά</language>
			<language type="bg">Βουλγαρικά</language>
			<language type="bo">Θιβετιανά</language>
			<language type="bs">Βοσνιακά</language>
			<language type="ca">Καταλανικά</language>
			<language type="co">Κορσικανικά</language>
			<language type="cop">Κοπτικά</language>
			<language type="cs">Τσεχικά</language>
			<language type="cy">Ουαλικά</language>
			<language type="da">Δανικά</language>
			<language type="de">Γερμανικά</language>
			<language type="egy">Αιγυπτιακά (Αρχαία)</language>
			<language type="el">Ελληνικά</language>
			<language type="en">Αγγλικά</language>
			<language type="es">Ισπανικά</language>
			<language type="et">Εσθονικά</language>
			<language type="eu">Βασκικά</language>
			<language type="fa">Περσικά</language>
			<language type="fi">Φινλανδικά</language>
			<language type="fr">Γαλλικά</language>
			<language type="ga">Ιρλανδικά</language>
			<language type="gd">Σκωτικά Κελτικά</language>
			<language type="grc">Ελληνικά, Αρχαία (έως 1453)</language>
			<language type="haw">Χαβανεζικά</language>
			<language type="he">Εβραϊκά</language>
			<language type="hr">Κροατικά</language>
			<language type="hu">Ουγγρικά</language>
			<language type="hy">Αρμενικά</language>
			<language type="id">Ινδονησιακά</language>
			<language type="ine">Ινδοευρωπαϊκά (¨Αλλη)</language>
			<language type="ira">Ιρανικά</language>
			<language type="is">Ισλανδικά</language>
			<language type="it">Ιταλικά</language>
			<language type="ja">Ιαπωνικά</language>
			<language type="ka">Γεωργιανά</language>
			<language type="ko">Κορεατικά</language>
			<language type="la">Λατινικά</language>
			<language type="lt">Λιθουανικά</language>
			<language type="lv">Λετονικά</language>
			<language type="mk">Σλαβομακεδονικά</language>
			<language type="mn">Μογγολικά</language>
			<language type="mo">Μολδαβικά</language>
			<language type="mt">Μαλτεζικά</language>
			<language type="mul">Πολλαπλές Γλώσσες</language>
			<language type="nai">Ινδιανικά Βόρειας Αμερικής (Άλλα)</language>
			<language type="nl">Ολλανδικά</language>
			<language type="no">Νορβηγικά</language>
			<language type="ota">Τουρκικά, Οθωμανικά (1500-1928)</language>
			<language type="peo">Αρχαία Περσικά (600-400 π.Χ.)</language>
			<language type="phi">Φιλιππινέζικα (Άλλα)</language>
			<language type="phn">Φοινικικά</language>
			<language type="pl">Πολωνικά</language>
			<language type="pt">Πορτογαλικά</language>
			<language type="ro">Ρουμανικά</language>
			<language type="rom">Ρωμανικά</language>
			<language type="ru">Ρωσικά</language>
			<language type="sem">Σημιτικά (Άλλα)</language>
			<language type="sh">Σερβοκροατικά</language>
			<language type="sk">Σλοβακικά</language>
			<language type="sl">Σλοβενικά</language>
			<language type="sla">Σλαβικά (Άλλα)</language>
			<language type="sq">Αλβανικά</language>
			<language type="sr">Σερβικά</language>
			<language type="sv">Σουηδικά</language>
			<language type="tr">Τουρκικά</language>
			<language type="uk">Ουκρανικά</language>
			<language type="vi">Βιετναμεζικά</language>
			<language type="yi">Ιουδαϊκά</language>
			<language type="zh">Κινεζικά</language>
		</languages>
		<scripts>
			<script type="Arab">Αραβικό</script>
			<script type="Armn">Αρμενικό</script>
			<script type="Brai">Μπράιγ</script>
			<script type="Copt">Κοπτικό</script>
			<script type="Cprt">Κυπριακό</script>
			<script type="Cyrl">Κυριλλικό</script>
			<script type="Ethi">Αιθιοπικό</script>
			<script type="Geor">Γεωργιανό</script>
			<script type="Goth">Γοτθικό</script>
			<script type="Grek">Ελληνικό</script>
			<script type="Hebr">Εβραϊκό</script>
			<script type="Latn">Λατινικό</script>
			<script type="Mong">Μογγολικό</script>
			<script type="Syrc">Συριακό</script>
			<script type="Thai">Ταϊλανδικό</script>
			<script type="Tibt">Θιβετιανό</script>
			<script type="Zyyy">Κοινό</script>
		</scripts>
		<territories>
			<territory type="001" draft="true">Κόσμος</territory>
			<territory type="002" draft="true">Αφρική</territory>
			<territory type="005" draft="true">Νότια Αμερική</territory>
			<territory type="009" draft="true">Ωκεανία</territory>
			<territory type="011" draft="true">Δυτική Αφρική</territory>
			<territory type="013" draft="true">Κεντρική Αμερική</territory>
			<territory type="014" draft="true">Ανατολική Αφρική</territory>
			<territory type="015" draft="true">Βόρεια Αφρική</territory>
			<territory type="017" draft="true">Μέση Αφρική</territory>
			<territory type="018" draft="true">Νότια Αφρική</territory>
			<territory type="019" draft="true">Αμερική</territory>
			<territory type="021" draft="true">Βόρεια Αμερική</territory>
			<territory type="029" draft="true">Καραϊβική</territory>
			<territory type="030" draft="true">Ανατολική Ασία</territory>
			<territory type="035" draft="true">Νοτιοανατολική Ασία</territory>
			<territory type="039" draft="true">Βόρεια Ευρώπη</territory>
			<territory type="053" draft="true">Αυστραλία και Νέα Ζηλανδία</territory>
			<territory type="054" draft="true">Μελανησία</territory>
			<territory type="057" draft="true">Μικρονησία</territory>
			<territory type="061" draft="true">Πολυνησία</territory>
			<territory type="062" draft="true">Νότια Κεντρική Ασία</territory>
			<territory type="142" draft="true">Ασία</territory>
			<territory type="145" draft="true">Δυτική Ασία</territory>
			<territory type="150" draft="true">Ευρώπη</territory>
			<territory type="151" draft="true">Ανατολική Ευρώπη</territory>
			<territory type="154" draft="true">Βόρεια Ευρώπη</territory>
			<territory type="155" draft="true">Δυτική Ευρώπη</territory>
			<territory type="830" draft="true">Νήσοι Καναλιού</territory>
			<territory type="833" draft="true">Νήσος Man</territory>
			<territory type="AD">Ανδόρα</territory>
			<territory type="AE">Ηνωμένα Αραβικά Εμιράτα</territory>
			<territory type="AF">Αφγανιστάν</territory>
			<territory type="AG">Αντίγκουα και Μπαρμπούντα</territory>
			<territory type="AI">Ανγκουίλα</territory>
			<territory type="AL">Αλβανία</territory>
			<territory type="AM">Αρμενία</territory>
			<territory type="AN">Ολλανδικές Αντίλλες</territory>
			<territory type="AO">Ανγκόλα</territory>
			<territory type="AQ">Ανταρκτική</territory>
			<territory type="AR">Αργεντινή</territory>
			<territory type="AS">Αμερικανική Σαμόα</territory>
			<territory type="AT">Αυστρία</territory>
			<territory type="AU">Αυστραλία</territory>
			<territory type="AW">Αρούμπα</territory>
			<territory type="AX" draft="true">Νήσοι Aland</territory>
			<territory type="AZ">Αζερμπαϊτζάν</territory>
			<territory type="BA">Βοσνία - Ερζεγοβίνη</territory>
			<territory type="BB">Μπαρμπάντος</territory>
			<territory type="BD">Μπανγκλαντές</territory>
			<territory type="BE">Βέλγιο</territory>
			<territory type="BF">Μπουρκίνα Φάσο</territory>
			<territory type="BG">Βουλγαρία</territory>
			<territory type="BH">Μπαχρέιν</territory>
			<territory type="BI">Μπουρούντι</territory>
			<territory type="BJ">Μπένιν</territory>
			<territory type="BM">Βερμούδες</territory>
			<territory type="BN">Μπρουνέι Νταρουσαλάμ</territory>
			<territory type="BO">Βολιβία</territory>
			<territory type="BR">Βραζιλία</territory>
			<territory type="BS">Μπαχάμες</territory>
			<territory type="BT">Μπουτάν</territory>
			<territory type="BV">Νήσος Μπουβέ</territory>
			<territory type="BW">Μποτσουάνα</territory>
			<territory type="BY">Λευκορωσία</territory>
			<territory type="BZ">Μπελίζ</territory>
			<territory type="CA">Καναδάς</territory>
			<territory type="CC">Νήσοι Κόκος (Κήλινγκ)</territory>
			<territory type="CD">Κονγκό, Λαϊκή Δημοκρατία του</territory>
			<territory type="CF">Κεντροαφρικανική Δημοκρατία</territory>
			<territory type="CG">Κονγκό</territory>
			<territory type="CH">Ελβετία</territory>
			<territory type="CI">Ακτή Ελεφαντόδοντος</territory>
			<territory type="CK">Νήσοι Κουκ</territory>
			<territory type="CL">Χιλή</territory>
			<territory type="CM">Καμερούν</territory>
			<territory type="CN">Κίνα</territory>
			<territory type="CO">Κολομβία</territory>
			<territory type="CR">Κόστα Ρίκα</territory>
			<territory type="CS" draft="true">Σερβία και Μαυροβούνιο</territory>
			<territory type="CU">Κούβα</territory>
			<territory type="CV">Νήσοι Πράσινου Ακρωτηρίου</territory>
			<territory type="CX">Νήσος Χριστουγέννων</territory>
			<territory type="CY">Κύπρος</territory>
			<territory type="CZ">Τσεχία</territory>
			<territory type="DE">Γερμανία</territory>
			<territory type="DJ">Τζιμπουτί</territory>
			<territory type="DK">Δανία</territory>
			<territory type="DM">Ντομίνικα</territory>
			<territory type="DO">Δομινικανή Δημοκρατία</territory>
			<territory type="DZ">Αλγερία</territory>
			<territory type="EC">Ισημερινός</territory>
			<territory type="EE">Εσθονία</territory>
			<territory type="EG">Αίγυπτος</territory>
			<territory type="EH">Δυτική Σαχάρα</territory>
			<territory type="ER">Ερυθραία</territory>
			<territory type="ES">Ισπανία</territory>
			<territory type="ET">Αιθιοπία</territory>
			<territory type="FI">Φινλανδία</territory>
			<territory type="FJ">Φίτζι</territory>
			<territory type="FK">Νήσοι Φώκλαντ</territory>
			<territory type="FM">Μικρονησία, Ομόσπονδες Πολιτείες της</territory>
			<territory type="FO">Νήσοι Φερόες</territory>
			<territory type="FR">Γαλλία</territory>
			<territory type="GA">Γκαμπόν</territory>
			<territory type="GB">Ηνωμένο Βασίλειο</territory>
			<territory type="GD">Γρενάδα</territory>
			<territory type="GE">Γεωργία</territory>
			<territory type="GF">Γαλλική Γουιάνα</territory>
			<territory type="GH">Γκάνα</territory>
			<territory type="GI">Γιβραλτάρ</territory>
			<territory type="GL">Γροιλανδία</territory>
			<territory type="GM">Γκάμπια</territory>
			<territory type="GN">Γουινέα</territory>
			<territory type="GP">Γουαδελούπη</territory>
			<territory type="GQ">Ισημερινή Γουινέα</territory>
			<territory type="GR">Ελλάδα</territory>
			<territory type="GS">Νότια Γεωργία και Νήσοι Νότιες Σάντουιτς</territory>
			<territory type="GT">Γουατεμάλα</territory>
			<territory type="GU">Γκουάμ</territory>
			<territory type="GW">Γουινέα-Μπισάου</territory>
			<territory type="GY">Γουιάνα</territory>
			<territory type="HK">Χονγκ Κονγκ, Ειδική Διοικητική Περιφέρεια της Κίνας</territory>
			<territory type="HM">Νήσοι Χερντ και Μακντόναλντ</territory>
			<territory type="HN">Ονδούρα</territory>
			<territory type="HR">Κροατία</territory>
			<territory type="HT">Αϊτή</territory>
			<territory type="HU">Ουγγαρία</territory>
			<territory type="ID">Ινδονησία</territory>
			<territory type="IE">Ιρλανδία</territory>
			<territory type="IL">Ισραήλ</territory>
			<territory type="IN">Ινδία</territory>
			<territory type="IO">Βρετανικά Έδάφη Ινδικού Ωκεανού</territory>
			<territory type="IQ">Ιράκ</territory>
			<territory type="IR">Ιράν, Ισλαμική Δημοκρατία του</territory>
			<territory type="IS">Ισλανδία</territory>
			<territory type="IT">Ιταλία</territory>
			<territory type="JM">Τζαμάικα</territory>
			<territory type="JO">Ιορδανία</territory>
			<territory type="JP">Ιαπωνία</territory>
			<territory type="KE">Κένυα</territory>
			<territory type="KG">Κιργιζία</territory>
			<territory type="KH">Καμπότζη</territory>
			<territory type="KI">Κιριμπάτι</territory>
			<territory type="KM">Κομόρες</territory>
			<territory type="KN">Σαιντ Κιτς και Νέβις</territory>
			<territory type="KP">Κορέα, Βόρεια</territory>
			<territory type="KR">Κορέα, Νότια</territory>
			<territory type="KW">Κουβέιτ</territory>
			<territory type="KY">Νήσοι Κέιμαν</territory>
			<territory type="KZ">Καζακστάν</territory>
			<territory type="LA">Λατινική Αμερική</territory>
			<territory type="LB">Λίβανος</territory>
			<territory type="LC">Αγία Λουκία</territory>
			<territory type="LI">Λιχτενστάιν</territory>
			<territory type="LK">Σρι Λάνκα</territory>
			<territory type="LR">Λιβερία</territory>
			<territory type="LS">Λεσότο</territory>
			<territory type="LT">Λιθουανία</territory>
			<territory type="LU">Λουξεμβούργο</territory>
			<territory type="LV">Λετονία</territory>
			<territory type="LY" draft="true">Λιβύη</territory>
			<territory type="MA">Μαρόκο</territory>
			<territory type="MC">Μονακό</territory>
			<territory type="MD">Μολδαβία, Δημοκρατία της</territory>
			<territory type="MG">Μαδαγασκάρη</territory>
			<territory type="MH">Νήσοι Μάρσαλ</territory>
			<territory type="MK">ΠΓΔ Μακεδονίας</territory>
			<territory type="ML">Μάλι</territory>
			<territory type="MM">Μιανμάρ</territory>
			<territory type="MN">Μογγολία</territory>
			<territory type="MO">Μακάο, Ειδική Διοικητική Περιφέρεια της Κίνας</territory>
			<territory type="MP">Νήσοι Βόρειες Μαριάνες</territory>
			<territory type="MQ">Μαρτινίκα</territory>
			<territory type="MR">Μαυριτανία</territory>
			<territory type="MS">Μονσεράτ</territory>
			<territory type="MT">Μάλτα</territory>
			<territory type="MU">Μαυρίκιος</territory>
			<territory type="MV">Μαλδίβες</territory>
			<territory type="MW">Μαλάουι</territory>
			<territory type="MX">Μεξικό</territory>
			<territory type="MY">Μαλαισία</territory>
			<territory type="MZ">Μοζαμβίκη</territory>
			<territory type="NA">Ναμίμπια</territory>
			<territory type="NC">Νέα Καληδονία</territory>
			<territory type="NE">Νίγηρ</territory>
			<territory type="NF">Νήσος Νόρφολκ</territory>
			<territory type="NG">Νιγηρία</territory>
			<territory type="NI">Νικαράγουα</territory>
			<territory type="NL">Ολλανδία</territory>
			<territory type="NO">Νορβηγία</territory>
			<territory type="NP">Νεπάλ</territory>
			<territory type="NR">Ναούρου</territory>
			<territory type="NU">Νιούε</territory>
			<territory type="NZ">Νέα Ζηλανδία</territory>
			<territory type="OM">Ομάν</territory>
			<territory type="PA">Παναμάς</territory>
			<territory type="PE">Περού</territory>
			<territory type="PF">Γαλλική Πολυνησία</territory>
			<territory type="PG">Παπούα - Νέα Γουινέα</territory>
			<territory type="PH">Φιλιππίνες</territory>
			<territory type="PK">Πακιστάν</territory>
			<territory type="PL">Πολωνία</territory>
			<territory type="PM">Σαιντ Πιέρ και Μικελόν</territory>
			<territory type="PN">Πίτκερν</territory>
			<territory type="PR">Πουέρτο Ρίκο</territory>
			<territory type="PS">Παλαιστινιακά Εδάφη</territory>
			<territory type="PT">Πορτογαλία</territory>
			<territory type="PW">Παλάου</territory>
			<territory type="PY">Παραγουάη</territory>
			<territory type="QA">Κατάρ</territory>
			<territory type="QO" draft="true">Περιφερειακή Ωκεανία</territory>
			<territory type="RE">Ρεϋνιόν</territory>
			<territory type="RO">Ρουμανία</territory>
			<territory type="RU">Ρωσία</territory>
			<territory type="RW">Ρουάντα</territory>
			<territory type="SA">Σαουδική Αραβία</territory>
			<territory type="SB">Νήσοι Σολομώντος</territory>
			<territory type="SC">Σεϋχέλλες</territory>
			<territory type="SD">Σουδάν</territory>
			<territory type="SE">Σουηδία</territory>
			<territory type="SG">Σιγκαπούρη</territory>
			<territory type="SH">Αγία Ελένη</territory>
			<territory type="SI">Σλοβενία</territory>
			<territory type="SJ">Νήσοι Σβάλμπαρ και Γιαν Μαγιέν</territory>
			<territory type="SK">Σλοβακία</territory>
			<territory type="SL">Σιέρα Λεόνε</territory>
			<territory type="SM">Άγιος Μαρίνος</territory>
			<territory type="SN">Σενεγάλη</territory>
			<territory type="SO">Σομαλία</territory>
			<territory type="SR">Σουρινάμ</territory>
			<territory type="ST">Σάο Τομέ και Πρίνσιπε</territory>
			<territory type="SV">Ελ Σαλβαδόρ</territory>
			<territory type="SY">Συρία, Αραβική Δημοκρατία της</territory>
			<territory type="SZ">Σουαζιλάνδη</territory>
			<territory type="TC">Νήσοι Τερκς και Κάικος</territory>
			<territory type="TD">Τσαντ</territory>
			<territory type="TF">Γαλλικά Νότια Εδάφη</territory>
			<territory type="TG">Τόγκο</territory>
			<territory type="TH">Ταϊλάνδη</territory>
			<territory type="TJ">Τατζικιστάν</territory>
			<territory type="TK">Τοκελάου</territory>
			<territory type="TL">Ανατολικό Τιμόρ</territory>
			<territory type="TM">Τουρκμενιστάν</territory>
			<territory type="TN">Τυνησία</territory>
			<territory type="TO">Τόνγκα</territory>
			<territory type="TR">Τουρκία</territory>
			<territory type="TT">Τρινιδάδ και Τομπάγκο</territory>
			<territory type="TV">Τουβαλού</territory>
			<territory type="TW">Ταϊβάν</territory>
			<territory type="TZ">Τανζανία</territory>
			<territory type="UA">Ουκρανία</territory>
			<territory type="UG">Ουγκάντα</territory>
			<territory type="UM">Απομακρυσμένες Νησίδες των Ηνωμένων Πολιτειών</territory>
			<territory type="US">Ηνωμένες Πολιτείες</territory>
			<territory type="UY">Ουρουγουάη</territory>
			<territory type="UZ">Ουζμπεκιστάν</territory>
			<territory type="VA">Αγία Έδρα (Βατικανό)</territory>
			<territory type="VC">Άγιος Βικέντιος και Γρεναδίνες</territory>
			<territory type="VE">Βενεζουέλα</territory>
			<territory type="VG">Βρετανικές Παρθένοι Νήσοι</territory>
			<territory type="VI">Αμερικανικές Παρθένοι Νήσοι</territory>
			<territory type="VN">Βιετνάμ</territory>
			<territory type="VU">Βανουάτου</territory>
			<territory type="WF">Νήσοι Ουαλλίς και Φουτουνά</territory>
			<territory type="WS">Σαμόα</territory>
			<territory type="YE">Υεμένη</territory>
			<territory type="YT">Μαγιότ</territory>
			<territory type="ZA">Νότια Αφρική</territory>
			<territory type="ZM">Ζάμπια</territory>
			<territory type="ZW">Ζιμπάμπουε</territory>
		</territories>
		<keys>
			<key type="calendar">Ημερολόγιο</key>
			<key type="collation">Τακτοποίηση</key>
			<key type="currency">Νόμισμα</key>
		</keys>
		<types>
			<type type="buddhist" key="calendar">Βουδιστικό Ημερολόγιο</type>
			<type type="chinese" key="calendar">Κινέζικο Ημερολόγιο</type>
			<type type="direct" key="collation">Σειρά Direct</type>
			<type type="gregorian" key="calendar">Γρηγοριανό Ημερολόγιο</type>
			<type type="hebrew" key="calendar">Εβραϊκό Ημερολόγιο</type>
			<type type="islamic" key="calendar">Ισλαμικό Ημερολόγιο</type>
			<type type="islamic-civil" key="calendar">Ισλαμικό-Αστικό Ημερολόγιο</type>
			<type type="japanese" key="calendar">Ιαπωνικό Ημερολόγιο</type>
			<type type="phonebook" key="collation">Σειρά Τηλεφωνικού Καταλόγου</type>
			<type type="pinyin" key="collation">Σειρά Pinyin</type>
			<type type="stroke" key="collation">Σειρά Stroke</type>
			<type type="traditional" key="collation">Παραδοσιακή</type>
		</types>
	</localeDisplayNames>
	<characters>
		<exemplarCharacters>[ΐά-ώ]</exemplarCharacters>
	</characters>
	<dates>
		<localizedPatternChars>GanjkHmsSEDFwWxhKzAeugXZ</localizedPatternChars>
		<calendars>
			<calendar type="gregorian">
				<months>
					<monthContext type="format">
						<monthWidth type="abbreviated">
							<month type="1">Ιαν</month>
							<month type="2">Φεβ</month>
							<month type="3">Μαρ</month>
							<month type="4">Απρ</month>
							<month type="5">Μαϊ</month>
							<month type="6">Ιουν</month>
							<month type="7">Ιουλ</month>
							<month type="8">Αυγ</month>
							<month type="9">Σεπ</month>
							<month type="10">Οκτ</month>
							<month type="11">Νοε</month>
							<month type="12">Δεκ</month>
						</monthWidth>
						<monthWidth type="narrow">
							<month type="1">Ι</month>
							<month type="2">Φ</month>
							<month type="3">Μ</month>
							<month type="4">Α</month>
							<month type="5">Μ</month>
							<month type="6">Ι</month>
							<month type="7">Ι</month>
							<month type="8">Α</month>
							<month type="9">Σ</month>
							<month type="10">Ο</month>
							<month type="11">Ν</month>
							<month type="12">Δ</month>
						</monthWidth>
						<monthWidth type="wide">
							<month type="1">Ιανουαρίου</month>
							<month type="2">Φεβρουαρίου</month>
							<month type="3">Μαρτίου</month>
							<month type="4">Απριλίου</month>
							<month type="5">Μαΐου</month>
							<month type="6">Ιουνίου</month>
							<month type="7">Ιουλίου</month>
							<month type="8">Αυγούστου</month>
							<month type="9">Σεπτεμβρίου</month>
							<month type="10">Οκτωβρίου</month>
							<month type="11">Νοεμβρίου</month>
							<month type="12">Δεκεμβρίου</month>
						</monthWidth>
					</monthContext>
					<monthContext type="stand-alone">
						<monthWidth type="abbreviated">
							<month type="1">Ιαν</month>
							<month type="2">Φεβ</month>
							<month type="3">Μαρ</month>
							<month type="4">Απρ</month>
							<month type="5">Μαϊ</month>
							<month type="6">Ιουν</month>
							<month type="7">Ιουλ</month>
							<month type="8">Αυγ</month>
							<month type="9">Σεπ</month>
							<month type="10">Οκτ</month>
							<month type="11">Νοε</month>
							<month type="12">Δεκ</month>
						</monthWidth>
						<monthWidth type="narrow">
							<month type="1">Ι</month>
							<month type="2">Φ</month>
							<month type="3">Μ</month>
							<month type="4">Α</month>
							<month type="5">Μ</month>
							<month type="6">Ι</month>
							<month type="7">Ι</month>
							<month type="8">Α</month>
							<month type="9">Σ</month>
							<month type="10">Ο</month>
							<month type="11">Ν</month>
							<month type="12">Δ</month>
						</monthWidth>
						<monthWidth type="wide">
							<month type="1">Ιανουάριος</month>
							<month type="2">Φεβρουάριος</month>
							<month type="3">Μάρτιος</month>
							<month type="4">Απρίλιος</month>
							<month type="5">Μάιος</month>
							<month type="6">Ιούνιος</month>
							<month type="7">Ιούλιος</month>
							<month type="8">Αύγουστος</month>
							<month type="9">Σεπτέμβριος</month>
							<month type="10">Οκτώβριος</month>
							<month type="11">Νοέμβριος</month>
							<month type="12">Δεκέμβριος</month>
						</monthWidth>
					</monthContext>
				</months>
				<days>
					<dayContext type="format">
						<dayWidth type="abbreviated">
							<day type="sun">Κυρ</day>
							<day type="mon">Δευ</day>
							<day type="tue">Τρι</day>
							<day type="wed">Τετ</day>
							<day type="thu">Πεμ</day>
							<day type="fri">Παρ</day>
							<day type="sat">Σαβ</day>
						</dayWidth>
						<dayWidth type="wide">
							<day type="sun">Κυριακή</day>
							<day type="mon">Δευτέρα</day>
							<day type="tue">Τρίτη</day>
							<day type="wed">Τετάρτη</day>
							<day type="thu">Πέμπτη</day>
							<day type="fri">Παρασκευή</day>
							<day type="sat">Σάββατο</day>
						</dayWidth>
					</dayContext>
					<dayContext type="stand-alone">
						<dayWidth type="narrow">
							<day type="sun">Κ</day>
							<day type="mon">Δ</day>
							<day type="tue">Τ</day>
							<day type="wed">Τ</day>
							<day type="thu">Π</day>
							<day type="fri">Π</day>
							<day type="sat">Σ</day>
						</dayWidth>
					</dayContext>
				</days>
				<week>
					<firstDay day="mon"/>
				</week>
				<am>ΠΜ</am>
				<pm>ΜΜ</pm>
				<eras>
					<eraAbbr>
						<era type="0">π.Χ.</era>
						<era type="1">μ.Χ.</era>
					</eraAbbr>
				</eras>
				<dateFormats>
					<dateFormatLength type="full">
						<dateFormat>
							<pattern>EEEE, dd MMMM yyyy</pattern>
						</dateFormat>
					</dateFormatLength>
					<dateFormatLength type="long">
						<dateFormat>
							<pattern>dd MMMM yyyy</pattern>
						</dateFormat>
					</dateFormatLength>
					<dateFormatLength type="medium">
						<dateFormat>
							<pattern>dd MMM yyyy</pattern>
						</dateFormat>
					</dateFormatLength>
					<dateFormatLength type="short">
						<dateFormat>
							<pattern>dd/MM/yyyy</pattern>
						</dateFormat>
					</dateFormatLength>
				</dateFormats>
				<timeFormats>
					<timeFormatLength type="full">
						<timeFormat>
							<pattern>h:mm:ss a z</pattern>
						</timeFormat>
					</timeFormatLength>
					<timeFormatLength type="long">
						<timeFormat>
							<pattern>h:mm:ss a z</pattern>
						</timeFormat>
					</timeFormatLength>
					<timeFormatLength type="medium">
						<timeFormat>
							<pattern>h:mm:ss a</pattern>
						</timeFormat>
					</timeFormatLength>
					<timeFormatLength type="short">
						<timeFormat>
							<pattern>h:mm a</pattern>
						</timeFormat>
					</timeFormatLength>
				</timeFormats>
			</calendar>
		</calendars>
		<timeZoneNames>
			<hourFormat>+HHmm;-HHmm</hourFormat>
			<zone type="America/Buenos_Aires">
				<exemplarCity draft="true">Μπουένος Άιρες</exemplarCity>
			</zone>
			<zone type="Australia/Adelaide">
				<exemplarCity draft="true">Αδελαΐδα</exemplarCity>
			</zone>
			<zone type="Australia/Melbourne">
				<exemplarCity draft="true">Μελβούρνη</exemplarCity>
			</zone>
			<zone type="Australia/Sydney">
				<exemplarCity draft="true">Σύδνεϊ</exemplarCity>
			</zone>
			<zone type="America/Manaus">
				<exemplarCity draft="true">Μανάος</exemplarCity>
			</zone>
			<zone type="America/Sao_Paulo">
				<exemplarCity draft="true">Σάο Πάολο</exemplarCity>
			</zone>
			<zone type="America/Vancouver">
				<exemplarCity draft="true">Βανκούβερ</exemplarCity>
			</zone>
			<zone type="America/Toronto">
				<exemplarCity draft="true">Τορόντο</exemplarCity>
			</zone>
			<zone type="America/Montreal">
				<exemplarCity draft="true">Μόντρεαλ</exemplarCity>
			</zone>
			<zone type="Africa/Kinshasa">
				<exemplarCity draft="true">Κινσάσα</exemplarCity>
			</zone>
			<zone type="America/Santiago">
				<exemplarCity draft="true">Σαντιάγκο</exemplarCity>
			</zone>
			<zone type="Asia/Shanghai">
				<exemplarCity draft="true">Σανγκάη</exemplarCity>
			</zone>
			<zone type="Pacific/Galapagos">
				<exemplarCity draft="true">Γκαλαπάγκος</exemplarCity>
			</zone>
			<zone type="Atlantic/Canary">
				<exemplarCity draft="true">Κανάρια</exemplarCity>
			</zone>
			<zone type="Europe/Madrid">
				<exemplarCity draft="true">Μαδρίτη</exemplarCity>
			</zone>
			<zone type="Europe/Belfast">
				<exemplarCity draft="true">Μπέλφαστ</exemplarCity>
			</zone>
			<zone type="Europe/London">
				<exemplarCity draft="true">Λονδίνο</exemplarCity>
			</zone>
			<zone type="Asia/Jakarta">
				<exemplarCity draft="true">Τζακάρτα</exemplarCity>
			</zone>
			<zone type="Africa/Bamako">
				<exemplarCity draft="true">Μπαμάκο</exemplarCity>
			</zone>
			<zone type="Africa/Timbuktu">
				<exemplarCity draft="true">Τιμπουκτού</exemplarCity>
			</zone>
			<zone type="Asia/Ulaanbaatar">
				<exemplarCity draft="true">Ουλάν Μπατόρ</exemplarCity>
			</zone>
			<zone type="America/Tijuana">
				<exemplarCity draft="true">Τιχουάνα</exemplarCity>
			</zone>
			<zone type="America/Mexico_City">
				<exemplarCity draft="true">Πόλη του Μεξικού</exemplarCity>
			</zone>
			<zone type="America/Cancun">
				<exemplarCity draft="true">Κανκούν</exemplarCity>
			</zone>
			<zone type="Asia/Kuala_Lumpur">
				<exemplarCity draft="true">Κουάλα Λουμπούρ</exemplarCity>
			</zone>
			<zone type="Pacific/Auckland">
				<exemplarCity draft="true">Όκλαντ</exemplarCity>
			</zone>
			<zone type="Pacific/Tahiti">
				<exemplarCity draft="true">Αϊτή</exemplarCity>
			</zone>
			<zone type="Atlantic/Azores">
				<exemplarCity draft="true">Αζόρες</exemplarCity>
			</zone>
			<zone type="Atlantic/Madeira">
				<exemplarCity draft="true">Μαδέρα</exemplarCity>
			</zone>
			<zone type="Europe/Lisbon">
				<exemplarCity draft="true">Λισσαβώνα</exemplarCity>
			</zone>
			<zone type="Europe/Kaliningrad">
				<exemplarCity draft="true">Καλλίπολη</exemplarCity>
			</zone>
			<zone type="Europe/Moscow">
				<exemplarCity draft="true">Μόσχα</exemplarCity>
			</zone>
			<zone type="Europe/Samara">
				<exemplarCity draft="true">Σαμάρα</exemplarCity>
			</zone>
			<zone type="Asia/Omsk">
				<exemplarCity draft="true">Ομσκ</exemplarCity>
			</zone>
			<zone type="Asia/Novosibirsk">
				<exemplarCity draft="true">Νοβοσιμπίρσκ</exemplarCity>
			</zone>
			<zone type="Asia/Irkutsk">
				<exemplarCity draft="true">Ιρκούτσκ</exemplarCity>
			</zone>
			<zone type="Asia/Vladivostok">
				<exemplarCity draft="true">Βλαδιβοστόκ</exemplarCity>
			</zone>
			<zone type="Europe/Kiev">
				<exemplarCity draft="true">Κίεβο</exemplarCity>
			</zone>
			<zone type="Pacific/Honolulu">
				<exemplarCity draft="true">Χονολουλού</exemplarCity>
			</zone>
			<zone type="America/Anchorage">
				<exemplarCity draft="true">Άνκορατζ</exemplarCity>
			</zone>
			<zone type="America/Los_Angeles">
				<exemplarCity draft="true">Λος Άντζελες</exemplarCity>
			</zone>
			<zone type="America/Phoenix">
				<exemplarCity draft="true">Φοίνιξ</exemplarCity>
			</zone>
			<zone type="America/Denver">
				<exemplarCity draft="true">Ντένβερ</exemplarCity>
			</zone>
			<zone type="America/Chicago">
				<exemplarCity draft="true">Σικάγο</exemplarCity>
			</zone>
			<zone type="America/Indianapolis">
				<exemplarCity draft="true">Ινδιανάπολη</exemplarCity>
			</zone>
			<zone type="America/Detroit">
				<exemplarCity draft="true">Ντητρόιτ</exemplarCity>
			</zone>
			<zone type="America/New_York">
				<exemplarCity draft="true">Νέα Υόρκη</exemplarCity>
			</zone>
			<zone type="Asia/Samarkand">
				<exemplarCity draft="true">Σαμαρκάνδη</exemplarCity>
			</zone>
		</timeZoneNames>
	</dates>
	<numbers>
		<symbols>
			<decimal>,</decimal>
			<group>.</group>
		</symbols>
		<currencies>
			<currency type="ADP">
				<displayName>Πεσέτα Ανδόρας</displayName>
			</currency>
			<currency type="AED">
				<displayName>Ντιράμ Ηνωμένων Αραβικών Εμιράτων</displayName>
			</currency>
			<currency type="ALL">
				<displayName>Λεκ Αλβανίας</displayName>
				<symbol>lek</symbol>
			</currency>
			<currency type="AMD">
				<displayName>Dram Αρμενίας</displayName>
				<symbol>dram</symbol>
			</currency>
			<currency type="ANG">
				<displayName>Γκίλντα Ολλανδικών Αντιλλών</displayName>
				<symbol>NA f.</symbol>
			</currency>
			<currency type="AOA">
				<displayName>Kwanza Ανγκόλας</displayName>
			</currency>
			<currency type="AOK">
				<displayName>Kwanza Ανγκόλας (1977-1990)</displayName>
			</currency>
			<currency type="AON">
				<displayName>Νέα Kwanza Ανγκόλας (1990-2000)</displayName>
			</currency>
			<currency type="AOR">
				<displayName>Kwanza Reajustado Ανγκόλας (1995-1999)</displayName>
			</currency>
			<currency type="ARA">
				<displayName>Austral Αργεντινής</displayName>
			</currency>
			<currency type="ARP">
				<displayName>Πέσο Αργεντινής (1983-1985)</displayName>
			</currency>
			<currency type="ARS">
				<displayName>Πέσο Αργεντινής</displayName>
				<symbol>Arg$</symbol>
			</currency>
			<currency type="ATS">
				<displayName>Σελίνι Αυστρίας</displayName>
			</currency>
			<currency type="AUD">
				<displayName>Δολάριο Αυστραλίας</displayName>
				<symbol>$A</symbol>
			</currency>
			<currency type="AWG">
				<displayName>Γκίλντα Αρούμπα</displayName>
			</currency>
			<currency type="AZM">
				<displayName>Μανάτ Αζερμπαϊτζάν</displayName>
			</currency>
			<currency type="BAD">
				<displayName>Δηνάριο Βοσνίας-Ερζεγοβίνης</displayName>
			</currency>
			<currency type="BAM">
				<displayName>Μάρκο Βοσνίας-Ερζεγοβίνης</displayName>
				<symbol>KM</symbol>
			</currency>
			<currency type="BBD">
				<displayName>Δολάριο Μπαρμπάντος</displayName>
				<symbol>BDS$</symbol>
			</currency>
			<currency type="BDT">
				<displayName>Τάκα Μπαγκλαντές</displayName>
				<symbol>Tk</symbol>
			</currency>
			<currency type="BEC">
				<displayName>Φράγκο Βελγίου (μετατρέψιμο)</displayName>
			</currency>
			<currency type="BEF">
				<displayName>Φράγκο Βελγίου</displayName>
				<symbol>BF</symbol>
			</currency>
			<currency type="BEL">
				<displayName>Φράγκο Βελγίου (οικονομικό)</displayName>
			</currency>
			<currency type="BGL">
				<displayName>Μεταλλικό Λεβ Βουλγαρίας</displayName>
				<symbol>lev</symbol>
			</currency>
			<currency type="BGN">
				<displayName>Νέο Λεβ Βουλγαρίας</displayName>
			</currency>
			<currency type="BHD">
				<displayName>Δηνάριο Bahraini</displayName>
				<symbol>BD</symbol>
			</currency>
			<currency type="BIF">
				<displayName>Φράγκο Burundi</displayName>
				<symbol>Fbu</symbol>
			</currency>
			<currency type="BMD">
				<displayName>Δολάριο Βερμούδων</displayName>
				<symbol>Ber$</symbol>
			</currency>
			<currency type="BND">
				<displayName>Δολάριο Brunei</displayName>
			</currency>
			<currency type="BOP">
				<displayName>Πέσο Βολιβίας</displayName>
			</currency>
			<currency type="BOV">
				<displayName>Mvdol Βολιβίας</displayName>
			</currency>
			<currency type="BRB">
				<displayName>Νέο Cruzeiro Βραζιλίας (1967-1986)</displayName>
			</currency>
			<currency type="BRC">
				<displayName>Cruzado Βραζιλίας</displayName>
			</currency>
			<currency type="BRE">
				<displayName>Cruzeiro Βραζιλίας (1990-1993)</displayName>
			</currency>
			<currency type="BRL">
				<displayName>Real Βραζιλίας</displayName>
				<symbol>R$</symbol>
			</currency>
			<currency type="BRN">
				<displayName>Νέο Cruzado Βραζιλίας</displayName>
			</currency>
			<currency type="BRR">
				<displayName>Cruzeiro Βραζιλίας</displayName>
			</currency>
			<currency type="BSD">
				<displayName>Δολάριο Μπαχάμες</displayName>
			</currency>
			<currency type="BTN">
				<displayName>Ngultrum Μπουτάν</displayName>
				<symbol>Nu</symbol>
			</currency>
			<currency type="BUK">
				<displayName>Kyat Βιρμανίας</displayName>
			</currency>
			<currency type="BWP">
				<displayName>Pula Μποτσουάνα</displayName>
			</currency>
			<currency type="BYB">
				<displayName>Νέο Ρούβλι Λευκορωσίας (1994-1999)</displayName>
			</currency>
			<currency type="BYR">
				<displayName>Ρούβλι Λευκορωσίας</displayName>
				<symbol>Rbl</symbol>
			</currency>
			<currency type="BZD">
				<displayName>Δολάριο Belize</displayName>
				<symbol>BZ$</symbol>
			</currency>
			<currency type="CAD">
				<displayName>Δολάριο Καναδά</displayName>
				<symbol>Can$</symbol>
			</currency>
			<currency type="CDF">
				<displayName>Φράγκο Congolais Κονγκό</displayName>
			</currency>
			<currency type="CHF">
				<displayName>Φράγκο Ελβετίας</displayName>
				<symbol>SwF</symbol>
			</currency>
			<currency type="CLF">
				<displayName>Unidades de Fomento Χιλής</displayName>
			</currency>
			<currency type="CLP">
				<displayName>Πέσο Χιλής</displayName>
				<symbol>Ch$</symbol>
			</currency>
			<currency type="CNY">
				<displayName>Yuan Renminbi Κίνας</displayName>
				<symbol>Y</symbol>
			</currency>
			<currency type="COP">
				<displayName>Πέσο Κολομβίας</displayName>
				<symbol>Col$</symbol>
			</currency>
			<currency type="CRC">
				<displayName>Colon Κόστα Ρίκα</displayName>
				<symbol>C</symbol>
			</currency>
			<currency type="CSK">
				<displayName>Σκληρή Κορόνα Τσεχοσλοβακίας</displayName>
			</currency>
			<currency type="CUP">
				<displayName>Πέσο Κούβας</displayName>
			</currency>
			<currency type="CVE">
				<displayName>Εσκούδο Πράσινου Ακρωτηρίου</displayName>
				<symbol>CVEsc</symbol>
			</currency>
			<currency type="CYP">
				<displayName>Λίρα Κύπρου</displayName>
				<symbol>£</symbol>
			</currency>
			<currency type="CYP" alt="proposed">
				<symbol draft="true">C£</symbol>
			</currency>
			<currency type="CZK">
				<displayName>Κορόνα Τσέχικης Δημοκρατίας</displayName>
			</currency>
			<currency type="DDM">
				<displayName>Ostmark Ανατολικής Γερμανίας</displayName>
			</currency>
			<currency type="DEM">
				<displayName>Μάρκο Γερμανίας</displayName>
			</currency>
			<currency type="DJF">
				<displayName>Φράγκο Τζιμπουτί</displayName>
				<symbol>DF</symbol>
			</currency>
			<currency type="DKK">
				<displayName>Κορόνα Δανίας</displayName>
				<symbol>DKr</symbol>
			</currency>
			<currency type="DOP">
				<displayName>Πέσο Δομίνικου</displayName>
				<symbol>RD$</symbol>
			</currency>
			<currency type="DZD">
				<displayName>Δηνάριο Αλγερίας</displayName>
				<symbol>DA</symbol>
			</currency>
			<currency type="ECS">
				<displayName>Sucre Ισημερινού</displayName>
			</currency>
			<currency type="ECV">
				<displayName>Unidad de Valor Constante (UVC) Ισημερινού</displayName>
			</currency>
			<currency type="EEK">
				<displayName>Κορόνα Εσθονίας</displayName>
			</currency>
			<currency type="EGP">
				<displayName>Λίρα Αιγύπτου</displayName>
			</currency>
			<currency type="ERN">
				<displayName>Eritrean Nakfa</displayName>
			</currency>
			<currency type="ESP">
				<displayName>Πεσέτα Ισπανίας</displayName>
			</currency>
			<currency type="ETB">
				<displayName>Birr Αιθιοπίας</displayName>
				<symbol>Br</symbol>
			</currency>
			<currency type="EUR">
				<displayName>Ευρώ</displayName>
			</currency>
			<currency type="FIM">
				<displayName>Μάρκο Φινλανδίας</displayName>
			</currency>
			<currency type="FJD">
				<displayName>Δολάριο Φίτζι</displayName>
				<symbol>F$</symbol>
			</currency>
			<currency type="FKP">
				<displayName>Λίρα Νησιών Φώλκλαντ</displayName>
			</currency>
			<currency type="FRF">
				<displayName>Φράγκο Γαλλίας</displayName>
			</currency>
			<currency type="GBP">
				<displayName>Λίρα Στερλίνα Βρετανίας</displayName>
			</currency>
			<currency type="GEK">
				<displayName>Kupon Larit Γεωργίας</displayName>
			</currency>
			<currency type="GEL">
				<displayName>Lari Γεωργίας</displayName>
				<symbol>lari</symbol>
			</currency>
			<currency type="GHC">
				<displayName>Cedi Γκάνας</displayName>
			</currency>
			<currency type="GIP">
				<displayName>Λίρα Γιβραλτάρ</displayName>
			</currency>
			<currency type="GMD">
				<displayName>Dalasi Γκάμπια</displayName>
			</currency>
			<currency type="GNF">
				<displayName>Φράγκο Γουινέας</displayName>
				<symbol>GF</symbol>
			</currency>
			<currency type="GNS">
				<displayName>Syli Γουινέας</displayName>
			</currency>
			<currency type="GQE">
				<displayName>Ekwele Guineana Ισημερινής Γουινέας</displayName>
			</currency>
			<currency type="GRD">
				<displayName>Δρχ</displayName>
				<symbol>Δρχ</symbol>
			</currency>
			<currency type="GRD" alt="proposed">
				<displayName draft="true">Δραχμή Ελλάδας</displayName>
				<symbol draft="true">GRD</symbol>
			</currency>
			<currency type="GTQ">
				<displayName>Quetzal Γουατεμάλα</displayName>
				<symbol>Q</symbol>
			</currency>
			<currency type="GWE">
				<displayName>Γκινέα Εσκούδο Πορτογαλίας</displayName>
			</currency>
			<currency type="GWP">
				<displayName>Πέσο Guinea-Bissau</displayName>
			</currency>
			<currency type="GYD">
				<displayName>Δολάριο Γουιάνας</displayName>
				<symbol>G$</symbol>
			</currency>
			<currency type="HKD">
				<displayName>Δολάριο Χονγκ Κονγκ</displayName>
				<symbol>HK$</symbol>
			</currency>
			<currency type="HRD">
				<displayName>Δηνάριο Κροατίας</displayName>
			</currency>
			<currency type="HRK">
				<displayName>Kuna Δηνάριο</displayName>
			</currency>
			<currency type="HTG">
				<displayName>Gourde Αϊτής</displayName>
			</currency>
			<currency type="HUF">
				<displayName>Φιορίνι Ουγγαρίας</displayName>
				<symbol>Ft</symbol>
			</currency>
			<currency type="IDR">
				<displayName>Ρούπια Ινδονησίας</displayName>
				<symbol>Rp</symbol>
			</currency>
			<currency type="IEP">
				<displayName>Λίρα Ιρλανδίας</displayName>
				<symbol>IR£</symbol>
			</currency>
			<currency type="ILP">
				<displayName>Λίρα Ισραήλ</displayName>
			</currency>
			<currency type="ILS">
				<displayName>Νέο Sheqel Ισραήλ</displayName>
			</currency>
			<currency type="INR">
				<displayName>Ρούπια Ινδίας</displayName>
				<symbol>INR</symbol>
			</currency>
			<currency type="IQD">
				<displayName>Δηνάριο Ιράκ</displayName>
				<symbol>ID</symbol>
			</currency>
			<currency type="IRR">
				<displayName>Rial Ιράκ</displayName>
				<symbol>RI</symbol>
			</currency>
			<currency type="ISK">
				<displayName>Κορόνα Ισλανδίας</displayName>
			</currency>
			<currency type="ITL">
				<displayName>Λιρέτα Ιταλίας</displayName>
			</currency>
			<currency type="JMD">
				<displayName>Δολάριο Τζαμάικας</displayName>
				<symbol>J$</symbol>
			</currency>
			<currency type="JOD">
				<displayName>Δηνάριο Ιορδανίας</displayName>
				<symbol>JD</symbol>
			</currency>
			<currency type="JPY">
				<displayName>Γιεν Ιαπωνίας</displayName>
			</currency>
			<currency type="KES">
				<displayName>Σελίνι Κένυας</displayName>
				<symbol>K Sh</symbol>
			</currency>
			<currency type="KHR">
				<displayName>Riel Καμπότζης</displayName>
				<symbol>CR</symbol>
			</currency>
			<currency type="KMF">
				<displayName>Φράγκο Comoro</displayName>
				<symbol>CF</symbol>
			</currency>
			<currency type="KPW">
				<displayName>Won Βόρειας Κορέας</displayName>
			</currency>
			<currency type="KRW">
				<displayName>Won Νότιας Κορέας</displayName>
			</currency>
			<currency type="KWD">
				<displayName>Δηνάριο Κουβέιτ</displayName>
				<symbol>KD</symbol>
			</currency>
			<currency type="KYD">
				<displayName>Δολάριο Νήσων Κάιμαν</displayName>
			</currency>
			<currency type="KZT">
				<displayName>Tenge Καζακστάν</displayName>
				<symbol>T</symbol>
			</currency>
			<currency type="LAK">
				<displayName>Kip Λάος</displayName>
			</currency>
			<currency type="LBP">
				<displayName>Λίρα Λιβάνου</displayName>
				<symbol>LL</symbol>
			</currency>
			<currency type="LKR">
				<displayName>Ρούπια Σρι Λάνκα</displayName>
				<symbol>SL Re</symbol>
			</currency>
			<currency type="LRD">
				<displayName>Δολάριο Λιβερίας</displayName>
			</currency>
			<currency type="LTL">
				<displayName>Lita Λιθουανίας</displayName>
			</currency>
			<currency type="LTT">
				<displayName>Talonas Λιθουανίας</displayName>
			</currency>
			<currency type="LUF">
				<displayName>Φράγκο Λουξεμβούργου</displayName>
			</currency>
			<currency type="LVL">
				<displayName>Lats Λετονίας</displayName>
			</currency>
			<currency type="LVR">
				<displayName>Ρούβλι Λετονίας</displayName>
			</currency>
			<currency type="LYD">
				<displayName>Δηνάριο Λιβύης</displayName>
				<symbol>LD</symbol>
			</currency>
			<currency type="MAD">
				<displayName>Ντιράμ Μαρόκου</displayName>
			</currency>
			<currency type="MAF">
				<displayName>Φράγκο Μαρόκου</displayName>
			</currency>
			<currency type="MDL">
				<displayName>Λέι Μολδαβίας</displayName>
			</currency>
			<currency type="MGA">
				<displayName>Ariary Μαδαγασκάρης</displayName>
			</currency>
			<currency type="MGF">
				<displayName>Φράγκο Μαδαγασκάρης</displayName>
			</currency>
			<currency type="MKD">
				<displayName>Δηνάριο Π.Γ.Δ.Μ.</displayName>
				<symbol>MDen</symbol>
			</currency>
			<currency type="MLF">
				<displayName>Φράγκο Μαλί</displayName>
			</currency>
			<currency type="MMK">
				<displayName>Kyat Μιανμάρ</displayName>
			</currency>
			<currency type="MNT">
				<displayName>Tugrik Μογγολίας</displayName>
				<symbol>Tug</symbol>
			</currency>
			<currency type="MOP">
				<displayName>Pataca Μακάο</displayName>
			</currency>
			<currency type="MRO">
				<displayName>Ouguiya Μαυριτανίας</displayName>
				<symbol>UM</symbol>
			</currency>
			<currency type="MTL">
				<displayName>Λιρέτα Μάλτας</displayName>
				<symbol>Lm</symbol>
			</currency>
			<currency type="MTP">
				<displayName>Λίρα Μάλτας</displayName>
			</currency>
			<currency type="MUR">
				<displayName>Ρούπια Μαυρικίου</displayName>
			</currency>
			<currency type="MVR">
				<displayName>Rufiyaa Νήσων Μαλδίβων</displayName>
			</currency>
			<currency type="MWK">
				<displayName>Kwacha Μαλάουι</displayName>
				<symbol>MK</symbol>
			</currency>
			<currency type="MXN">
				<displayName>Πέσο Μεξικού</displayName>
				<symbol>MEX$</symbol>
			</currency>
			<currency type="MXP">
				<displayName>Ασημένιο Πέσο Μεξικού (1861-1992)</displayName>
			</currency>
			<currency type="MXV">
				<displayName>Unidad de Inversion (UDI) Μεξικού</displayName>
			</currency>
			<currency type="MYR">
				<displayName>Ringgit Μαλαισίας</displayName>
				<symbol>RM</symbol>
			</currency>
			<currency type="MZE">
				<displayName>Εσκούδο Μοζαμβίκης</displayName>
			</currency>
			<currency type="MZM">
				<displayName>Metical Μοζαμβίκης</displayName>
				<symbol>Mt</symbol>
			</currency>
			<currency type="NAD">
				<displayName>Δολάριο Ναμίμπια</displayName>
				<symbol>N$</symbol>
			</currency>
			<currency type="NGN">
				<displayName>Naira Νιγηρίας</displayName>
			</currency>
			<currency type="NIC">
				<displayName>Κόρδοβα Νικαράγουας</displayName>
			</currency>
			<currency type="NIO">
				<displayName>Χρυσή Κόρδοβα Νικαράγουας</displayName>
			</currency>
			<currency type="NLG">
				<displayName>Γκίλντα Ολλανδίας</displayName>
			</currency>
			<currency type="NOK">
				<displayName>Κορόνα Νορβηγίας</displayName>
				<symbol>NKr</symbol>
			</currency>
			<currency type="NPR">
				<displayName>Ρούπια Νεπάλ</displayName>
				<symbol>Nrs</symbol>
			</currency>
			<currency type="NZD">
				<displayName>Δολάριο Νέας Ζηλανδίας</displayName>
				<symbol>$NZ</symbol>
			</currency>
			<currency type="OMR">
				<displayName>Rial Ομάν</displayName>
				<symbol>RO</symbol>
			</currency>
			<currency type="PAB">
				<displayName>Μπαλμπόα Παναμά</displayName>
			</currency>
			<currency type="PEI">
				<displayName>Inti Περού</displayName>
			</currency>
			<currency type="PEN">
				<displayName>Sol Nuevo Περού</displayName>
			</currency>
			<currency type="PES">
				<displayName>Sol Περού</displayName>
			</currency>
			<currency type="PGK">
				<displayName>Kina Παπούα Νέα Γουινέα</displayName>
			</currency>
			<currency type="PHP">
				<displayName>Πέσο Φιλιππίνων</displayName>
			</currency>
			<currency type="PKR">
				<displayName>Ρούπια Πακιστάν</displayName>
				<symbol>Pra</symbol>
			</currency>
			<currency type="PLN">
				<displayName>Ζλότυ Πολωνίας</displayName>
				<symbol>Zl</symbol>
			</currency>
			<currency type="PLZ">
				<displayName>Ζλότυ Πολωνίας (1950-1995)</displayName>
			</currency>
			<currency type="PTE">
				<displayName>Εσκούδο Πορτογαλίας</displayName>
			</currency>
			<currency type="PYG">
				<displayName>Γκουαρανί Παραγουάης</displayName>
			</currency>
			<currency type="QAR">
				<displayName>Rial Κατάρ</displayName>
				<symbol>QR</symbol>
			</currency>
			<currency type="ROL">
				<displayName>Λέι Ρουμανίας</displayName>
				<symbol>leu</symbol>
			</currency>
			<currency type="RUB">
				<displayName>Ρούβλι Ρωσίας</displayName>
			</currency>
			<currency type="RUR">
				<displayName>Ρούβλι Ρωσίας (1991-1998)</displayName>
			</currency>
			<currency type="RWF">
				<displayName>Φράγκο Ρουάντας</displayName>
			</currency>
			<currency type="SBD">
				<displayName>Δολάριο Νήσων Σολομώντος</displayName>
				<symbol>SI$</symbol>
			</currency>
			<currency type="SCR">
				<displayName>Ρούπια Σεϋχέλες</displayName>
				<symbol>SR</symbol>
			</currency>
			<currency type="SDD">
				<displayName>Δηνάριο Σουδάν</displayName>
			</currency>
			<currency type="SDP">
				<displayName>Λίρα Σουδάν</displayName>
			</currency>
			<currency type="SEK">
				<displayName>Κορόνα Σουηδίας</displayName>
				<symbol>SKr</symbol>
			</currency>
			<currency type="SGD">
				<displayName>Δολάριο Σιγκαπούρης</displayName>
				<symbol>S$</symbol>
			</currency>
			<currency type="SHP">
				<displayName>Λίρα Αγίας Ελένης</displayName>
			</currency>
			<currency type="SIT">
				<displayName>Tolar Σλοβενίας</displayName>
			</currency>
			<currency type="SKK">
				<displayName>Κορόνα Σλοβενίας</displayName>
				<symbol>Sk</symbol>
			</currency>
			<currency type="SLL">
				<displayName>Leone Σιέρα Λεόνε</displayName>
			</currency>
			<currency type="SOS">
				<displayName>Σελίνι Σομαλίας</displayName>
				<symbol>So. Sh.</symbol>
			</currency>
			<currency type="SRG">
				<displayName>Γκίλντα Σουρινάμ</displayName>
				<symbol>Sf</symbol>
			</currency>
			<currency type="SUR">
				<displayName>Σοβιετικό Ρούβλι</displayName>
			</currency>
			<currency type="SVC">
				<displayName>Colon Ελ Σαλβαδόρ</displayName>
			</currency>
			<currency type="SYP">
				<displayName>Λίρα Συρίας</displayName>
				<symbol>LS</symbol>
			</currency>
			<currency type="SZL">
				<displayName>Lilangeni Ζουαζιλάνδη</displayName>
				<symbol>E</symbol>
			</currency>
			<currency type="THB">
				<displayName>Μπατ Ταϊλάνδης</displayName>
			</currency>
			<currency type="TJR">
				<displayName>Ρούβλι Τατζικιστάν</displayName>
			</currency>
			<currency type="TJS">
				<displayName>Somoni Τατζικιστάν</displayName>
			</currency>
			<currency type="TMM">
				<displayName>Μανάτ Τουρκμενιστάν</displayName>
			</currency>
			<currency type="TND">
				<displayName>Δηνάριο Τυνησίας</displayName>
			</currency>
			<currency type="TPE">
				<displayName>Εσκούδο Τιμόρ</displayName>
			</currency>
			<currency type="TRL">
				<displayName>Λίρα Τουρκίας</displayName>
				<symbol>TL</symbol>
			</currency>
			<currency type="TRY">
				<displayName draft="true">Νέα Τουρκική Λίρα</displayName>
			</currency>
			<currency type="TTD">
				<displayName>Δολάριο Τρινιδάδ και Τομπάγκο</displayName>
				<symbol>TT$</symbol>
			</currency>
			<currency type="TWD">
				<displayName>Νέο Δολάριο Ταϊβάν</displayName>
				<symbol>NT$</symbol>
			</currency>
			<currency type="TZS">
				<displayName>Σελίνι Τανζανίας</displayName>
				<symbol>T Sh</symbol>
			</currency>
			<currency type="UAH">
				<displayName>Hryvnia Ουκρανίας</displayName>
			</currency>
			<currency type="UAK">
				<displayName>Karbovanetz Ουκρανίας</displayName>
			</currency>
			<currency type="UGS">
				<displayName>Σελίνι Ουγκάντας (1966-1987)</displayName>
			</currency>
			<currency type="UGX">
				<displayName>Σελίνι Ουγκάντας</displayName>
				<symbol>U Sh</symbol>
			</currency>
			<currency type="USD">
				<displayName>Δολάριο ΗΠΑ</displayName>
				<symbol>US$</symbol>
			</currency>
			<currency type="USN">
				<displayName>Δολάριο ΗΠΑ (Επόμενη Ημέρα)</displayName>
			</currency>
			<currency type="USS">
				<displayName>Δολάριο ΗΠΑ (Ίδια Ημέρα)</displayName>
			</currency>
			<currency type="UYP">
				<displayName>Πέσο Ουρουγουάης (1975-1993)</displayName>
			</currency>
			<currency type="UYU">
				<displayName>Πέσο Uruguayo Ουρουγουάης</displayName>
				<symbol>Ur$</symbol>
			</currency>
			<currency type="UZS">
				<displayName>Sum Ουζμπεκιστάν</displayName>
			</currency>
			<currency type="VEB">
				<displayName>Μπολιβάλ Βενεζουέλας</displayName>
				<symbol>Be</symbol>
			</currency>
			<currency type="VND">
				<displayName>Dong Βιετνάμ</displayName>
			</currency>
			<currency type="WST">
				<displayName>Tala Δυτικής Σαμόα</displayName>
			</currency>
			<currency type="XAF">
				<displayName>Φράγκο BEAC CFA</displayName>
			</currency>
			<currency type="XAU">
				<displayName>Χρυσός</displayName>
			</currency>
			<currency type="XBA">
				<displayName>Ευρωπαϊκή Σύνθετη Μονάδα</displayName>
			</currency>
			<currency type="XBB">
				<displayName>Ευρωπαϊκή Νομισματική Μονάδα</displayName>
			</currency>
			<currency type="XBC">
				<displayName>Ευρωπαϊκή Μονάδα Λογαριασμού (XBC)</displayName>
			</currency>
			<currency type="XBD">
				<displayName>Ευρωπαϊκή Μονάδα Λογαριασμού (XBD)</displayName>
			</currency>
			<currency type="XCD">
				<displayName>Δολάριο Ανατολικής Καραϊβικής</displayName>
				<symbol>EC$</symbol>
			</currency>
			<currency type="XDR">
				<displayName>Ειδικά Δικαιώματα Ανάληψης</displayName>
			</currency>
			<currency type="XEU">
				<displayName>Ευρωπαϊκή Συναλλαγματική Μονάδα</displayName>
			</currency>
			<currency type="XFO">
				<displayName>Χρυσό Φράγκο Γαλλίας</displayName>
			</currency>
			<currency type="XFU">
				<displayName>UIC-Φράγκο Γαλλίας</displayName>
			</currency>
			<currency type="XOF">
				<displayName>Φράγκο BCEAO CFA</displayName>
			</currency>
			<currency type="XPF">
				<displayName>Φράγκο CFP</displayName>
				<symbol>CFPF</symbol>
			</currency>
			<currency type="YDD">
				<displayName>Δηνάριο Υεμένης</displayName>
			</currency>
			<currency type="YER">
				<displayName>Rial Υεμένης</displayName>
				<symbol>YRl</symbol>
			</currency>
			<currency type="YUD">
				<displayName>Μεταλλικό Δηνάριο Γιουγκοσλαβίας</displayName>
			</currency>
			<currency type="YUM">
				<displayName>Νέο Δηνάριο Γιουγκοσλαβίας</displayName>
			</currency>
			<currency type="YUN">
				<displayName>Μετατρέψιμο Δηνάριο Γιουγκοσλαβίας</displayName>
			</currency>
			<currency type="ZAL">
				<displayName>Ραντ Νότιας Αφρικής (οικονομικό)</displayName>
			</currency>
			<currency type="ZAR">
				<displayName>Ραντ Νότιας Αφρικής</displayName>
				<symbol>R</symbol>
			</currency>
			<currency type="ZMK">
				<displayName>Kwacha Ζάμπιας</displayName>
			</currency>
			<currency type="ZRN">
				<displayName>Νέο Zaire Ζαΐρ</displayName>
			</currency>
			<currency type="ZRZ">
				<displayName>Zaire Ζαΐρ</displayName>
			</currency>
			<currency type="ZWD">
				<displayName>Δολάριο Ζιμπάμπουε</displayName>
				<symbol>Z$</symbol>
			</currency>
		</currencies>
	</numbers>
	<posix>
		<messages>
			<yesstr draft="true">ναι:ν</yesstr>
			<nostr draft="true">οχι:όχι:ο:ό</nostr>
			<yesexpr draft="true">^([yY]([eE][sS])?)|([νΝ]([αΑ][ιΙ])?)</yesexpr>
			<noexpr draft="true">^([nN][oO]?)|([οΟόΌ]([χΧ][ιΙ])?)</noexpr>
		</messages>
	</posix>
</ldml>