<?xml version="1.0" encoding="UTF-8" ?>
<!DOCTYPE ldml SYSTEM "http://www.unicode.org/cldr/dtd/1.3/ldml.dtd">
<ldml>
	<identity>
		<version number="$Revision: 1.43 $"/>
		<generation date="$Date: 2005/06/01 22:24:58 $"/>
		<language type="fa"/>
	</identity>
	<localeDisplayNames>
		<languages>
			<language type="aa">آفاری</language>
			<language type="aa" alt="proposed" references="R1" draft="true">آفاری</language>
			<language type="ab">آبخازی</language>
			<language type="ab" alt="proposed" references="R1" draft="true">آبخازی</language>
			<language type="ace" references="R1" draft="true">آچئی</language>
			<language type="ach" references="R1" draft="true">آچولیایی</language>
			<language type="ada" references="R1" draft="true">آدانگمه‌ای</language>
			<language type="ady" references="R1" draft="true">آدیجیایی</language>
			<language type="ae">اوستایی</language>
			<language type="ae" alt="proposed" references="R1" draft="true">اوستایی</language>
			<language type="af">آفریکانس</language>
			<language type="af" alt="proposed" references="R1" draft="true">آفریکانس</language>
			<language type="afa">افریقا و آسیایی (غیره)</language>
			<language type="afa" alt="proposed" references="R1" draft="true">افریقا و آسیایی (دیگر)</language>
			<language type="akk" references="R1" draft="true">آکدی</language>
			<language type="ale" references="R1" draft="true">آلئوتی</language>
			<language type="alg" references="R1" draft="true">زبانهای آلگونکینی</language>
			<language type="am">امهری</language>
			<language type="am" alt="proposed" references="R1" draft="true">امهری</language>
			<language type="ang">انگلیسی باستان (حدود ۴۵۰-۱۱۰۰ م.)</language>
			<language type="ang" alt="proposed" references="R1" draft="true">انگلیسی باستان</language>
			<language type="apa">زبان‌های آپاچیایی</language>
			<language type="apa" alt="proposed" references="R1" draft="true">زبانهای آپاچیایی</language>
			<language type="ar">عربی</language>
			<language type="ar" alt="proposed" references="R1" draft="true">عربی</language>
			<language type="arc">آرامی</language>
			<language type="arc" alt="proposed" references="R1" draft="true">آرامی</language>
			<language type="arn" references="R1" draft="true">آروکانیایی</language>
			<language type="arp" references="R1" draft="true">آراپاهویی</language>
			<language type="art">ساخته‌گی (غیره)</language>
			<language type="art" alt="proposed" references="R1" draft="true">ساختگی (دیگر)</language>
			<language type="arw" references="R1" draft="true">آراواکی</language>
			<language type="as">آسامی</language>
			<language type="as" alt="proposed" references="R1" draft="true">آسامی</language>
			<language type="ath" references="R1" draft="true">زبانهای آتاپاسکایی</language>
			<language type="aus">زبان‌های استرالیایی</language>
			<language type="aus" alt="proposed" references="R1" draft="true">زبان‌های استرالیایی</language>
			<language type="av" references="R1" draft="true">آواری</language>
			<language type="ay">آیمارایی</language>
			<language type="ay" alt="proposed" references="R1" draft="true">آیمارایی</language>
			<language type="az">آذربایجانی</language>
			<language type="az" alt="proposed" draft="true">ترکی آذربایجانی</language>
			<language type="ba">باشکیر</language>
			<language type="ba" alt="proposed" references="R1" draft="true">باشغیری</language>
			<language type="bad" references="R1" draft="true">باندایی</language>
			<language type="bal">بلوچی</language>
			<language type="bal" alt="proposed" references="R1" draft="true">بلوچی</language>
			<language type="ban" references="R1" draft="true">بالیایی</language>
			<language type="bas" references="R1" draft="true">باسایی</language>
			<language type="bat">بالتیکی (غیره)</language>
			<language type="bat" alt="proposed" references="R1" draft="true">بالتیکی (دیگر)</language>
			<language type="be">بلوروسی</language>
			<language type="be" alt="proposed" references="R1" draft="true">بلوروسی</language>
			<language type="bej" references="R1" draft="true">بجایی</language>
			<language type="bem" references="R1" draft="true">بمبایی</language>
			<language type="ber" references="R1" draft="true">بربری (دیگر)</language>
			<language type="bg">بلغاری</language>
			<language type="bg" alt="proposed" references="R1" draft="true">بلغاری</language>
			<language type="bh">بیهاری</language>
			<language type="bh" alt="proposed" references="R1" draft="true">بیهاری</language>
			<language type="bho">بوجپوری</language>
			<language type="bho" alt="proposed" references="R1" draft="true">بوجپوری</language>
			<language type="bi">بیسلاما</language>
			<language type="bi" alt="proposed" references="R1" draft="true">بیسلاما</language>
			<language type="bik" references="R1" draft="true">بیکولی</language>
			<language type="bm" references="R1" draft="true">بامبارایی</language>
			<language type="bn">بنگالی</language>
			<language type="bn" alt="proposed" references="R1" draft="true">بنگالی</language>
			<language type="bnt" references="R1" draft="true">بانتویی (دیگر)</language>
			<language type="bo">تبتی</language>
			<language type="bo" alt="proposed" references="R1" draft="true">تبتی</language>
			<language type="br" references="R1" draft="true">برتانیایی</language>
			<language type="bs">بوسنیایی</language>
			<language type="btk" references="R1" draft="true">باتاکی</language>
			<language type="bua" references="R1" draft="true">بوریاتی</language>
			<language type="bug" references="R1" draft="true">بوگیایی</language>
			<language type="ca">کاتالونیایی</language>
			<language type="ca" alt="proposed" references="R1" draft="true">کاتالونیایی</language>
			<language type="cad" references="R1" draft="true">کادویی</language>
			<language type="cai">سرخ‌پوستی امریکای مرکزی (غیره)</language>
			<language type="cai" alt="proposed" draft="true">سرخپوستی امریکای مرکزی (دیگر)</language>
			<language type="car" references="R1" draft="true">کاریبی</language>
			<language type="cau" references="R1" draft="true">قفقازی (دیگر)</language>
			<language type="ce">چچنی</language>
			<language type="ce" alt="proposed" references="R1" draft="true">چچنی</language>
			<language type="ceb" references="R1" draft="true">سبویی</language>
			<language type="cel">سلتی (غیره)</language>
			<language type="cel" alt="proposed" references="R1" draft="true">سلتی (دیگر)</language>
			<language type="ch">چامورویی</language>
			<language type="ch" alt="proposed" references="R1" draft="true">چامورویی</language>
			<language type="chm" references="R1" draft="true">ماریایی</language>
			<language type="cho" references="R1" draft="true">چوکتویی</language>
			<language type="chp" references="R1" draft="true">چیپه‌ویه‌ای</language>
			<language type="chr">چروکی</language>
			<language type="chr" alt="proposed" references="R1" draft="true">چروکیایی</language>
			<language type="chy" references="R1" draft="true">شایانی</language>
			<language type="cop">قبطی</language>
			<language type="cop" alt="proposed" references="R1" draft="true">قبطی</language>
			<language type="cpe" draft="true">کریول‌ها و پیجین‌های مبتنی بر انگلیسی (دیگر)</language>
			<language type="cpf" draft="true">کریول‌ها و پیجین‌های مبتنی بر فرانسوی (دیگر)</language>
			<language type="cpp" draft="true">کریول‌ها و پیجین‌های مبتنی بر پرتغالی (دیگر)</language>
			<language type="cr" references="R1" draft="true">کریایی</language>
			<language type="crh" draft="true">ترکی کریمه؛ تاتاری کریمه</language>
			<language type="crp" references="R1" draft="true">کریول‌ها و پیجین‌ها (دیگر)</language>
			<language type="cs">چکی</language>
			<language type="cs" alt="proposed" references="R1" draft="true">چکی</language>
			<language type="csb" references="R1" draft="true">کاشوبی</language>
			<language type="cu">اسلاوی کلیسایی</language>
			<language type="cus" references="R1" draft="true">کوشی (دیگر)</language>
			<language type="cv">چوواشی</language>
			<language type="cv" alt="proposed" references="R1" draft="true">چوواشی</language>
			<language type="cy">ویلزی</language>
			<language type="cy" alt="proposed" references="R1" draft="true">ویلزی</language>
			<language type="da">دانمارکی</language>
			<language type="da" alt="proposed" references="R1" draft="true">دانمارکی</language>
			<language type="dak">داکوتایی</language>
			<language type="dak" alt="proposed" references="R1" draft="true">داکوتایی</language>
			<language type="de">آلمانی</language>
			<language type="de" alt="proposed" references="R1" draft="true">آلمانی</language>
			<language type="del" references="R1" draft="true">دلاواری</language>
			<language type="din" references="R1" draft="true">دینکایی</language>
			<language type="dra">دراویدی (غیره)</language>
			<language type="dra" alt="proposed" references="R1" draft="true">دراویدی (دیگر)</language>
			<language type="dsb" references="R1" draft="true">صُربی سفلی</language>
			<language type="dua" references="R1" draft="true">دوآلایی</language>
			<language type="dum">هلندی میانه (حدود ۱۰۵۰-۱۳۵۰ م.)</language>
			<language type="dum" alt="proposed" draft="true">هلندی میانه</language>
			<language type="dyu" references="R1" draft="true">دایولایی</language>
			<language type="dz">بوتانی</language>
			<language type="dz" alt="proposed" references="R1" draft="true">جونخایی</language>
			<language type="ee" references="R1" draft="true">اوه‌ای</language>
			<language type="efi" references="R1" draft="true">افیکی</language>
			<language type="egy">مصری (باستانی)</language>
			<language type="egy" alt="proposed" draft="true">مصری (کهن)</language>
			<language type="el">یونانی</language>
			<language type="el" alt="proposed" references="R1" draft="true">یونانی</language>
			<language type="elx" draft="true">عیلامی</language>
			<language type="en">انگلیسی</language>
			<language type="en" alt="proposed" references="R1" draft="true">انگلیسی</language>
			<language type="enm">انگلیسی میانه (۱۱۰۰ -۱۵۰۰ م.)</language>
			<language type="enm" alt="proposed" references="R1" draft="true">انگلیسی میانه</language>
			<language type="eo">اسپرانتو</language>
			<language type="eo" alt="proposed" references="R1" draft="true">اسپرانتو</language>
			<language type="es">اسپانیایی</language>
			<language type="es" alt="proposed" references="R1" draft="true">اسپانیایی</language>
			<language type="et">استونیایی</language>
			<language type="et" alt="proposed" references="R1" draft="true">استونیایی</language>
			<language type="eu">باسکی</language>
			<language type="eu" alt="proposed" references="R1" draft="true">باسکی</language>
			<language type="fa">فارسی</language>
			<language type="fa" alt="proposed" references="R1" draft="true">فارسی</language>
			<language type="fan" references="R1" draft="true">فانکی</language>
			<language type="fat" references="R1" draft="true">فانتیایی</language>
			<language type="ff" references="R1" draft="true">فولایی</language>
			<language type="fi">فنلاندی</language>
			<language type="fi" alt="proposed" references="R1" draft="true">فنلاندی</language>
			<language type="fiu" references="R1" draft="true">فین و اوگرایی (دیگر)</language>
			<language type="fj">فیجیایی</language>
			<language type="fj" alt="proposed" references="R1" draft="true">فیجیایی</language>
			<language type="fo">فارویی</language>
			<language type="fo" alt="proposed" references="R1" draft="true">فارویی</language>
			<language type="fon" references="R1" draft="true">فونی</language>
			<language type="fr">فرانسوی</language>
			<language type="fr" alt="proposed" references="R1" draft="true">فرانسوی</language>
			<language type="frm">فرانسوی میانه (حدود ۱۴۰۰-۱۶۰۰ م.)</language>
			<language type="frm" alt="proposed" draft="true">فرانسوی میانه</language>
			<language type="fro">فرانسوی قدیم (۸۴۲-حدود ۱۴۰۰ م.)</language>
			<language type="fro" alt="proposed" references="R1" draft="true">فرانسوی باستان</language>
			<language type="fur" references="R1" draft="true">فریولیایی</language>
			<language type="fy" references="R1" draft="true">فریزی</language>
			<language type="ga">ایرلندی</language>
			<language type="ga" alt="proposed" references="R1" draft="true">ایرلندی</language>
			<language type="gaa">گا</language>
			<language type="gaa" alt="proposed" references="R1" draft="true">گایی</language>
			<language type="gba" references="R1" draft="true">گبایایی</language>
			<language type="gd" references="R1" draft="true">گیلی اسکاتلندی</language>
			<language type="gem">ژرمنی (غیره)</language>
			<language type="gem" alt="proposed" references="R1" draft="true">ژرمنی (دیگر)</language>
			<language type="gez" references="R1" draft="true">گی‌ئزی</language>
			<language type="gil" references="R1" draft="true">گیلبرتی</language>
			<language type="gl" references="R1" draft="true">گالیسیایی</language>
			<language type="gmh">آلمانی علیای میانه (حدود ۱۰۵۰-۱۵۰۰)</language>
			<language type="gmh" alt="proposed" draft="true">آلمانی علیای میانه</language>
			<language type="gn">گوارانی</language>
			<language type="gn" alt="proposed" references="R1" draft="true">گوارانی</language>
			<language type="goh">آلمانی علیای باستان (حدود ۷۵۰-۱۰۵۰)</language>
			<language type="goh" alt="proposed" draft="true">آلمانی علیای باستان</language>
			<language type="gon" references="R1" draft="true">گوندی</language>
			<language type="got">گوتیک</language>
			<language type="grb" references="R1" draft="true">گریبویی</language>
			<language type="grc">یونانی کهن (تا ۱۴۵۳ م.)</language>
			<language type="grc" alt="proposed" draft="true">یونانی کهن</language>
			<language type="gu">گجراتی</language>
			<language type="gu" alt="proposed" references="R1" draft="true">گجراتی</language>
			<language type="gv">مانی</language>
			<language type="gv" alt="proposed" references="R1" draft="true">مانی</language>
			<language type="ha">هوسیایی</language>
			<language type="ha" alt="proposed" references="R1" draft="true">هوسیایی</language>
			<language type="hai" references="R1" draft="true">هایدایی</language>
			<language type="haw">هاوائیایی</language>
			<language type="haw" alt="proposed" references="R1" draft="true">هاوائیایی</language>
			<language type="he">عبری</language>
			<language type="he" alt="proposed" references="R1" draft="true">عبری</language>
			<language type="hi">هندی</language>
			<language type="hi" alt="proposed" references="R1" draft="true">هندی</language>
			<language type="hil" references="R1" draft="true">هیلی‌گاینونی</language>
			<language type="hit">هیتی</language>
			<language type="hr">کرواتی</language>
			<language type="hr" alt="proposed" references="R1" draft="true">کرواتی</language>
			<language type="hsb" references="R1" draft="true">صُربی علیا</language>
			<language type="ht" draft="true">هائیتیایی</language>
			<language type="hu">مجاری</language>
			<language type="hu" alt="proposed" references="R1" draft="true">مجاری</language>
			<language type="hy">ارمنی</language>
			<language type="hy" alt="proposed" references="R1" draft="true">ارمنی</language>
			<language type="hz">هریرویی</language>
			<language type="hz" alt="proposed" references="R1" draft="true">هریرویی</language>
			<language type="ia">میان‌زبان</language>
			<language type="ia" alt="proposed" references="R1" draft="true">میان‌زبان</language>
			<language type="id">اندونزیایی</language>
			<language type="id" alt="proposed" references="R1" draft="true">اندونزیایی</language>
			<language type="ig" references="R1" draft="true">ایگبویی</language>
			<language type="ii" draft="true">یی سیچوان</language>
			<language type="ijo" references="R1" draft="true">ایجویی</language>
			<language type="ik">اینوپیک</language>
			<language type="ik" alt="proposed" references="R1" draft="true">اینوپیک</language>
			<language type="ilo" references="R1" draft="true">ایلوکویی</language>
			<language type="inc">هندیک (غیره)</language>
			<language type="inc" alt="proposed" references="R1" draft="true">هندیک (دیگر)</language>
			<language type="ine">هندوارودپایی</language>
			<language type="ine" alt="proposed" references="R1" draft="true">هند و اروپایی (دیگر)</language>
			<language type="inh" references="R1" draft="true">اینگوشی</language>
			<language type="ira">ایرانی</language>
			<language type="ira" alt="proposed" references="R1" draft="true">ایرانی (دیگر)</language>
			<language type="iro" references="R1" draft="true">زبانهای ایروکوایی</language>
			<language type="is">ایسلندی</language>
			<language type="is" alt="proposed" references="R1" draft="true">ایسلندی</language>
			<language type="it">ایتالیایی</language>
			<language type="it" alt="proposed" references="R1" draft="true">ایتالیایی</language>
			<language type="iu">اینوکیتوت</language>
			<language type="iu" alt="proposed" draft="true">اینوکتیتوت</language>
			<language type="ja">ژاپنی</language>
			<language type="ja" alt="proposed" references="R1" draft="true">ژاپنی</language>
			<language type="jpr">فارسی یهودی</language>
			<language type="jrb">عربی یهودی</language>
			<language type="jv">جاوه‌ای</language>
			<language type="jv" alt="proposed" references="R1" draft="true">جاوه‌ای</language>
			<language type="ka">گرجی</language>
			<language type="ka" alt="proposed" references="R1" draft="true">گرجی</language>
			<language type="kaa" references="R1" draft="true">قره‌قالپاقی</language>
			<language type="kab" references="R1" draft="true">قبایلی</language>
			<language type="kac" references="R1" draft="true">کاچینی</language>
			<language type="kam" references="R1" draft="true">کامبایی</language>
			<language type="kar" references="R1" draft="true">کارنی</language>
			<language type="kbd" references="R1" draft="true">کاباردینی</language>
			<language type="kg" references="R1" draft="true">کنگویی</language>
			<language type="kha" references="R1" draft="true">خازیایی</language>
			<language type="khi" references="R1" draft="true">خواسی (دیگر)</language>
			<language type="kho" draft="true">ختنی</language>
			<language type="ki" references="R1" draft="true">کیکویویی</language>
			<language type="kk">قزاقی</language>
			<language type="kk" alt="proposed" references="R1" draft="true">قزاقی</language>
			<language type="kl" references="R1" draft="true">گرینلندی</language>
			<language type="km">خمری</language>
			<language type="km" alt="proposed" references="R1" draft="true">خمری</language>
			<language type="kmb" references="R1" draft="true">کیمبوندویی</language>
			<language type="kn">کاناده‌ای</language>
			<language type="kn" alt="proposed" references="R1" draft="true">کاناده‌ای</language>
			<language type="ko">کره‌ای</language>
			<language type="ko" alt="proposed" references="R1" draft="true">کره‌ای</language>
			<language type="kok">کنکانی</language>
			<language type="kok" alt="proposed" references="R1" draft="true">کنکانی</language>
			<language type="kpe" references="R1" draft="true">کپله‌ای</language>
			<language type="kr" references="R1" draft="true">کانوریایی</language>
			<language type="krc" references="R1" draft="true">قره‌چایی‐بالکاری</language>
			<language type="kro" references="R1" draft="true">کرویی</language>
			<language type="kru" references="R1" draft="true">کوروخی</language>
			<language type="ks">کشمیری</language>
			<language type="ks" alt="proposed" references="R1" draft="true">کشمیری</language>
			<language type="ku">کردی</language>
			<language type="ku" alt="proposed" references="R1" draft="true">کردی</language>
			<language type="kum" references="R1" draft="true">کومیکی</language>
			<language type="kv">کومیایی</language>
			<language type="kv" alt="proposed" references="R1" draft="true">کومیایی</language>
			<language type="kw">کرنوالی</language>
			<language type="kw" alt="proposed" references="R1" draft="true">کرنوالی</language>
			<language type="ky">قرقیزی</language>
			<language type="ky" alt="proposed" references="R1" draft="true">قرقیزی</language>
			<language type="la">لاتینی</language>
			<language type="la" alt="proposed" references="R1" draft="true">لاتینی</language>
			<language type="lad" references="R1" draft="true">لادینو</language>
			<language type="lah" references="R1" draft="true">لاهندا</language>
			<language type="lb">لتسه‌بورگیش</language>
			<language type="lb" alt="proposed" references="R1" draft="true">لوگزامبورگی</language>
			<language type="lez" references="R1" draft="true">لزگی</language>
			<language type="lg" references="R1" draft="true">گاندایی</language>
			<language type="li" draft="true">لیمبورگی</language>
			<language type="ln">لینگالا</language>
			<language type="ln" alt="proposed" references="R1" draft="true">لینگالا</language>
			<language type="lo">لائوسی</language>
			<language type="lo" alt="proposed" references="R1" draft="true">لائوسی</language>
			<language type="lol" references="R1" draft="true">مونگویی</language>
			<language type="loz" references="R1" draft="true">لوزیایی</language>
			<language type="lt">لیتوانیایی</language>
			<language type="lt" alt="proposed" references="R1" draft="true">لیتوانیایی</language>
			<language type="lu" draft="true">لوبایی‐کاتانگا</language>
			<language type="lua" draft="true">لوبایی‐لولوا</language>
			<language type="lun" references="R1" draft="true">لوندایی</language>
			<language type="luo" references="R1" draft="true">لوئویی</language>
			<language type="lus" references="R1" draft="true">لوشه‌ای</language>
			<language type="lv">لتونیایی</language>
			<language type="lv" alt="proposed" references="R1" draft="true">لتونیایی</language>
			<language type="mad" references="R1" draft="true">مادورایی</language>
			<language type="mag" references="R1" draft="true">ماگاهیایی</language>
			<language type="mai" references="R1" draft="true">مایدیلی</language>
			<language type="man" references="R1" draft="true">ماندینگویی</language>
			<language type="map">آسترونیزیایی</language>
			<language type="map" alt="proposed" references="R1" draft="true">آسترونیزیایی‌ (دیگر)</language>
			<language type="mas" references="R1" draft="true">ماسایی</language>
			<language type="mdf" references="R1" draft="true">مکشایی</language>
			<language type="men" references="R1" draft="true">منده‌ای</language>
			<language type="mg">مالاگاسیایی</language>
			<language type="mg" alt="proposed" references="R1" draft="true">مالاگاسیایی</language>
			<language type="mga">ایرلندی میانه (۹۰۰-۱۲۰۰ م.)</language>
			<language type="mga" alt="proposed" draft="true">ایرلندی میانه</language>
			<language type="mh">مارشالی</language>
			<language type="mh" alt="proposed" references="R1" draft="true">مارشالی</language>
			<language type="mi">مائوریایی</language>
			<language type="mi" alt="proposed" references="R1" draft="true">مائوریایی</language>
			<language type="mic" references="R1" draft="true">میکماکی</language>
			<language type="min" references="R1" draft="true">مینانگ‌کابویی</language>
			<language type="mis">زبان‌های متفرقه</language>
			<language type="mk">مقدونی</language>
			<language type="mk" alt="proposed" references="R1" draft="true">مقدونی</language>
			<language type="mkh" references="R1" draft="true">مون‌خمری (دیگر)</language>
			<language type="ml">مالایالامی</language>
			<language type="ml" alt="proposed" references="R1" draft="true">مالایالامی</language>
			<language type="mn">مغولی</language>
			<language type="mn" alt="proposed" references="R1" draft="true">مغولی</language>
			<language type="mnc" references="R1" draft="true">مانچویی</language>
			<language type="mo">مولداویایی</language>
			<language type="mo" alt="proposed" references="R1" draft="true">مولداویایی</language>
			<language type="moh">موهاکی</language>
			<language type="moh" alt="proposed" references="R1" draft="true">موهاکی</language>
			<language type="mos" references="R1" draft="true">ماسیایی</language>
			<language type="mr">مراتی</language>
			<language type="mr" alt="proposed" references="R1" draft="true">مراتی</language>
			<language type="ms">مالزیایی</language>
			<language type="ms" alt="proposed" references="R1" draft="true">مالزیایی</language>
			<language type="mt">مالتی</language>
			<language type="mt" alt="proposed" references="R1" draft="true">مالتی</language>
			<language type="mul">چندین زبان</language>
			<language type="mun" references="R1" draft="true">زبانهای موندایی</language>
			<language type="mus" references="R1" draft="true">کریکی</language>
			<language type="my">برمه‌ای</language>
			<language type="my" alt="proposed" references="R1" draft="true">برمه‌ای</language>
			<language type="myn">مایاییک</language>
			<language type="myn" alt="proposed" references="R1" draft="true">زبان‌های مایاییک</language>
			<language type="myv" references="R1" draft="true">ارزیایی</language>
			<language type="na">نائورویی</language>
			<language type="na" alt="proposed" references="R1" draft="true">نائورویی</language>
			<language type="nah" references="R1" draft="true">ناواتلی</language>
			<language type="nai">سرخ‌پوستی امریکای شمالی (غیره)</language>
			<language type="nai" alt="proposed" references="R1" draft="true">سرخپوستی امریکای شمالی (دیگر)</language>
			<language type="nap" draft="true">ناپلی</language>
			<language type="nb">بوکسمال نروژی</language>
			<language type="nb" alt="proposed" references="R1" draft="true">بوکسمال نروژی</language>
			<language type="nd">انده‌بله‌ای شمالی</language>
			<language type="nd" alt="proposed" references="R1" draft="true">انده‌بله‌ای شمالی</language>
			<language type="nds">آلمانی سفلی؛ ساکسون سفلب</language>
			<language type="nds" alt="proposed" references="R1" draft="true">آلمانی سفلی</language>
			<language type="ne">نپالی</language>
			<language type="ne" alt="proposed" references="R1" draft="true">نپالی</language>
			<language type="new" references="R1" draft="true">نواریایی</language>
			<language type="ng" draft="true">ندونگایی</language>
			<language type="niu" references="R1" draft="true">نیویی</language>
			<language type="nl">هلندی</language>
			<language type="nl" alt="proposed" references="R1" draft="true">هلندی</language>
			<language type="nn">نینورسک نروژی</language>
			<language type="nn" alt="proposed" references="R1" draft="true">نرس جدید نروژی</language>
			<language type="no">نروژی</language>
			<language type="no" alt="proposed" references="R1" draft="true">نروژی</language>
			<language type="nog" references="R1" draft="true">نغایی</language>
			<language type="non" references="R1" draft="true">نرس باستان</language>
			<language type="nr">انده‌بله‌ای جنوبی</language>
			<language type="nr" alt="proposed" references="R1" draft="true">انده‌بله‌ای جنوبی</language>
			<language type="nso" references="R1" draft="true">سوتویی شمالی</language>
			<language type="nub" references="R1" draft="true">زبانهای نوبیایی</language>
			<language type="nv">ناواهویی</language>
			<language type="nv" alt="proposed" references="R1" draft="true">ناواهویی</language>
			<language type="nwc" references="R1" draft="true">نواریایی کلاسیک</language>
			<language type="ny" references="R1" draft="true">نیانجایی؛ چوایی</language>
			<language type="nyn" references="R1" draft="true">نیانکوله‌ای</language>
			<language type="nyo" references="R1" draft="true">نیورویی</language>
			<language type="oj" references="R1" draft="true">اوجیبوایی</language>
			<language type="or">اوریه‌ای</language>
			<language type="or" alt="proposed" references="R1" draft="true">اوریه‌ای</language>
			<language type="os" references="R1" draft="true">آسی</language>
			<language type="osa" references="R1" draft="true">اوسیجی</language>
			<language type="ota">ترکی (امپراتوری عثمانی)</language>
			<language type="ota" alt="proposed" draft="true">ترکی عثمانی</language>
			<language type="oto" references="R1" draft="true">زبانهای اتومیایی</language>
			<language type="pa">پنجابی</language>
			<language type="pa" alt="proposed" references="R1" draft="true">پنجابی</language>
			<language type="paa">پاپوایی (غیره)</language>
			<language type="paa" alt="proposed" references="R1" draft="true">پاپوایی (دیگر)</language>
			<language type="pag" references="R1" draft="true">پانگاسینانی</language>
			<language type="pal">پهلوی</language>
			<language type="pam" references="R1" draft="true">پامپانگایی</language>
			<language type="pap" references="R1" draft="true">پاپیامنتو</language>
			<language type="pau" references="R1" draft="true">پالائویی</language>
			<language type="peo">فارسی قدیم (حدود ۶۰۰-۴۰۰ ق.م.)</language>
			<language type="peo" alt="proposed" references="R1" draft="true">فارسی باستان</language>
			<language type="phi">فیایپینی (غیره)</language>
			<language type="phi" alt="proposed" draft="true">فیلیپینی (دیگر)</language>
			<language type="phn">فنیقی</language>
			<language type="pi">پالی</language>
			<language type="pl">لهستانی</language>
			<language type="pl" alt="proposed" references="R1" draft="true">لهستانی</language>
			<language type="pra" references="R1" draft="true">زبانهای پراکریتی</language>
			<language type="ps">پشتو</language>
			<language type="ps" alt="proposed" references="R1" draft="true">پشتو</language>
			<language type="pt">پرتغالی</language>
			<language type="pt" alt="proposed" references="R1" draft="true">پرتغالی</language>
			<language type="qu">کچوایی</language>
			<language type="qu" alt="proposed" references="R1" draft="true">کچوایی</language>
			<language type="raj" references="R1" draft="true">راجستانی</language>
			<language type="rar" references="R1" draft="true">راروتونگایی</language>
			<language type="rm" references="R1" draft="true">رتو‐رومیایی</language>
			<language type="rn" references="R1" draft="true">روندیایی</language>
			<language type="ro">رومانیایی</language>
			<language type="ro" alt="proposed" references="R1" draft="true">رومانیایی</language>
			<language type="roa" references="R1" draft="true">رومیایی (دیگر)</language>
			<language type="rom" references="R1" draft="true">رومانویی</language>
			<language type="root">ریشه</language>
			<language type="ru">روسی</language>
			<language type="ru" alt="proposed" references="R1" draft="true">روسی</language>
			<language type="rw">کینیارواندایی</language>
			<language type="rw" alt="proposed" references="R1" draft="true">کینیارواندایی</language>
			<language type="sa">سنسکریت</language>
			<language type="sa" alt="proposed" references="R1" draft="true">سنسکریت</language>
			<language type="sad" references="R1" draft="true">سانداوه‌ای</language>
			<language type="sah" references="R1" draft="true">یاقوتی</language>
			<language type="sai">سرخ‌پوستی امریکای جنوبی (غیره)</language>
			<language type="sai" alt="proposed" draft="true">سرخپوستی امریکای جنوبی (دیگر)</language>
			<language type="sal" references="R1" draft="true">زبانهای سالیشی</language>
			<language type="sat" references="R1" draft="true">سانتالی</language>
			<language type="sc">ساردینیایی</language>
			<language type="sc" alt="proposed" references="R1" draft="true">ساردینیایی</language>
			<language type="sco">اسکاتلندی</language>
			<language type="sco" alt="proposed" references="R1" draft="true">اسکاتلندی</language>
			<language type="sd">سندی</language>
			<language type="sd" alt="proposed" references="R1" draft="true">سندی</language>
			<language type="sel" references="R1" draft="true">سلکوپی</language>
			<language type="sem">سامی</language>
			<language type="sem" alt="proposed" references="R1" draft="true">سامی (دیگر)</language>
			<language type="sg">سانگویی</language>
			<language type="sg" alt="proposed" references="R1" draft="true">سانگویی</language>
			<language type="sga">ایرلندی باستان (تا ۹۰۰ م.)</language>
			<language type="sga" alt="proposed" draft="true">ایرلندی باستان</language>
			<language type="sgn">زبان‌های نشانه‌ای</language>
			<language type="sh">صرب و کرواتی</language>
			<language type="sh" alt="proposed" references="R1" draft="true">صرب و کرواتی</language>
			<language type="shn" references="R1" draft="true">شانی</language>
			<language type="si">سینهالی</language>
			<language type="si" alt="proposed" references="R1" draft="true">سینهالی</language>
			<language type="sid" references="R1" draft="true">سیدامویی</language>
			<language type="sio" references="R1" draft="true">زبانهای سویی</language>
			<language type="sit">چین و تبتی (غیره)</language>
			<language type="sit" alt="proposed" references="R1" draft="true">چین و تبتی (دیگر)</language>
			<language type="sk">اسلواکی</language>
			<language type="sk" alt="proposed" references="R1" draft="true">اسلواکی</language>
			<language type="sl">اسلووینیایی</language>
			<language type="sl" alt="proposed" references="R1" draft="true">اسلووینیایی</language>
			<language type="sla" references="R1" draft="true">اسلاوی (دیگر)</language>
			<language type="sm">ساموآیی</language>
			<language type="sm" alt="proposed" references="R1" draft="true">ساموآیی</language>
			<language type="sn">شونایی</language>
			<language type="sn" alt="proposed" references="R1" draft="true">شونایی</language>
			<language type="snk" references="R1" draft="true">سونینکه‌ای</language>
			<language type="so">سومالیایی</language>
			<language type="so" alt="proposed" references="R1" draft="true">سومالیایی</language>
			<language type="sog" references="R1" draft="true">سغدی</language>
			<language type="son" references="R1" draft="true">سونغایی</language>
			<language type="sq">آلبانیایی</language>
			<language type="sq" alt="proposed" references="R1" draft="true">آلبانیایی</language>
			<language type="sr">صربی</language>
			<language type="sr" alt="proposed" references="R1" draft="true">صربی</language>
			<language type="srr" references="R1" draft="true">سریری</language>
			<language type="ssa" references="R1" draft="true">نیلی و صحرایی (دیگر)</language>
			<language type="st">سوتویی جنوبی</language>
			<language type="st" alt="proposed" references="R1" draft="true">سوتویی جنوبی</language>
			<language type="su">سوندایی</language>
			<language type="su" alt="proposed" references="R1" draft="true">سوندایی</language>
			<language type="suk" references="R1" draft="true">سوکومایی</language>
			<language type="sus" references="R1" draft="true">سوسویی</language>
			<language type="sux">سومری</language>
			<language type="sv">سوئدی</language>
			<language type="sv" alt="proposed" references="R1" draft="true">سوئدی</language>
			<language type="sw">سواحلی</language>
			<language type="sw" alt="proposed" references="R1" draft="true">سواحلی</language>
			<language type="syr">سریانی</language>
			<language type="syr" alt="proposed" references="R1" draft="true">سریانی</language>
			<language type="ta">تامیلی</language>
			<language type="ta" alt="proposed" references="R1" draft="true">تامیلی</language>
			<language type="tai" references="R1" draft="true">تایی (دیگر)</language>
			<language type="te">تلوگویی</language>
			<language type="te" alt="proposed" references="R1" draft="true">تلوگویی</language>
			<language type="tem" draft="true">تیمنه‌ای</language>
			<language type="tg">تاجیکی</language>
			<language type="tg" alt="proposed" references="R1" draft="true">تاجیکی</language>
			<language type="th">تایلندی</language>
			<language type="th" alt="proposed" references="R1" draft="true">تایلندی</language>
			<language type="ti">تیگرینیایی</language>
			<language type="ti" alt="proposed" references="R1" draft="true">تیگرینیایی</language>
			<language type="tig" references="R1" draft="true">تیگره‌ای</language>
			<language type="tiv" references="R1" draft="true">تیوی</language>
			<language type="tk">ترکمتی</language>
			<language type="tk" alt="proposed" references="R1" draft="true">ترکمنی</language>
			<language type="tl">تاگالوگی</language>
			<language type="tl" alt="proposed" references="R1" draft="true">تاگالوگی</language>
			<language type="tlh" draft="true">کلینگون</language>
			<language type="tli" references="R1" draft="true">تلین‌گیتی</language>
			<language type="tmh" references="R1" draft="true">تاماشقی</language>
			<language type="tn">تسوانایی</language>
			<language type="tn" alt="proposed" references="R1" draft="true">تسوانایی</language>
			<language type="to">تونگایی (جزایر تونگا)</language>
			<language type="to" alt="proposed" references="R1" draft="true">تونگایی (جزایر تونگا)</language>
			<language type="tog" references="R1" draft="true">تونگایی (نیاسا)</language>
			<language type="tr">ترکی</language>
			<language type="tr" alt="proposed" draft="true">ترکی استانبولی</language>
			<language type="ts">تسونگایی</language>
			<language type="ts" alt="proposed" references="R1" draft="true">تسونگایی</language>
			<language type="tsi" references="R1" draft="true">تسیم‌شیانی</language>
			<language type="tt">تاتاری</language>
			<language type="tt" alt="proposed" references="R1" draft="true">تاتاری</language>
			<language type="tum" references="R1" draft="true">تومبوکایی</language>
			<language type="tup" references="R1" draft="true">زبانهای توپیایی</language>
			<language type="tut" references="R1" draft="true">آلتاییک (دیگر)</language>
			<language type="tw">توی‌یایی</language>
			<language type="tw" alt="proposed" references="R1" draft="true">توی‌یایی</language>
			<language type="ty">تاهیتیایی</language>
			<language type="ty" alt="proposed" references="R1" draft="true">تاهیتیایی</language>
			<language type="tyv" references="R1" draft="true">تووایی</language>
			<language type="udm" references="R1" draft="true">اودمورتی</language>
			<language type="ug">اویغوری</language>
			<language type="ug" alt="proposed" references="R1" draft="true">اویغوری</language>
			<language type="uk">اوکراینی</language>
			<language type="uk" alt="proposed" references="R1" draft="true">اوکراینی</language>
			<language type="umb" references="R1" draft="true">امبندویی</language>
			<language type="und">نامشخص</language>
			<language type="ur">اردو</language>
			<language type="ur" alt="proposed" references="R1" draft="true">اردو</language>
			<language type="uz">ازبکی</language>
			<language type="uz" alt="proposed" references="R1" draft="true">ازبکی</language>
			<language type="vai" references="R1" draft="true">ویایی</language>
			<language type="ve" references="R1" draft="true">وندایی</language>
			<language type="vi">ویتنامی</language>
			<language type="vi" alt="proposed" references="R1" draft="true">ویتنامی</language>
			<language type="vo">ولاپوک</language>
			<language type="vo" alt="proposed" references="R1" draft="true">ولاپوک</language>
			<language type="wa" references="R2" draft="true">والونی</language>
			<language type="wak" references="R1" draft="true">زبانهای واکاشی</language>
			<language type="wen" references="R1" draft="true">زبانهای صُربی</language>
			<language type="wo">ولوفی</language>
			<language type="wo" alt="proposed" references="R1" draft="true">ولوفی</language>
			<language type="xal" references="R1" draft="true">قلموقی</language>
			<language type="xh">خوسایی</language>
			<language type="xh" alt="proposed" references="R1" draft="true">خوسایی</language>
			<language type="yao" references="R1" draft="true">یائویی</language>
			<language type="yap" references="R1" draft="true">یاپی</language>
			<language type="yi">یدی</language>
			<language type="yi" alt="proposed" references="R1" draft="true">یدی</language>
			<language type="yo">یوروبایی</language>
			<language type="yo" alt="proposed" references="R1" draft="true">یوروبایی</language>
			<language type="ypk" references="R1" draft="true">زبانهای یوپیکی</language>
			<language type="za" references="R1" draft="true">چوانگی</language>
			<language type="zap" references="R1" draft="true">زاپوتکی</language>
			<language type="zh">چینی</language>
			<language type="zh" alt="proposed" references="R1" draft="true">چینی</language>
			<language type="znd" references="R1" draft="true">زانده‌ای</language>
			<language type="zu">زولویی</language>
			<language type="zu" alt="proposed" references="R1" draft="true">زولویی</language>
			<language type="zun" references="R1" draft="true">زونیایی</language>
		</languages>
		<scripts>
			<script type="Arab">عربی</script>
			<script type="Armn">ارمنی</script>
			<script type="Beng">بنگالی</script>
			<script type="Bopo">بوپوموفو</script>
			<script type="Brai" draft="true">بریل</script>
			<script type="Cher">چروکیایی</script>
			<script type="Copt">قبطی</script>
			<script type="Cyrl">سیریلی</script>
			<script type="Deva">دوناگری</script>
			<script type="Egyp" draft="true">هیروگلیفهای مصری</script>
			<script type="Ethi">اتیوپیایی</script>
			<script type="Geor">گرجی</script>
			<script type="Goth">گوتیک</script>
			<script type="Grek">یونانی</script>
			<script type="Gujr">گجراتی</script>
			<script type="Hang">هانگول</script>
			<script type="Hani">هان</script>
			<script type="Hebr">عبری</script>
			<script type="Hira">هیراگانا</script>
			<script type="Hrkt" draft="true">کاتاکانا یا هیراگانا</script>
			<script type="Kana">کاتاکانا</script>
			<script type="Khmr">خمری</script>
			<script type="Knda">کاناده‌ای</script>
			<script type="Laoo">لائوسی</script>
			<script type="Latn">لاتین</script>
			<script type="Latn" alt="proposed" draft="true">لاتینی</script>
			<script type="Maya" draft="true">هیروگلیفهای مایایی</script>
			<script type="Mlym">مالایالامی</script>
			<script type="Mong">مغولی</script>
			<script type="Mymr">میانمار</script>
			<script type="Orya">اوریه‌ای</script>
			<script type="Phnx" draft="true">فنیقی</script>
			<script type="Qaai">موروثی</script>
			<script type="Runr">رونی</script>
			<script type="Shaw" draft="true">شاوی</script>
			<script type="Syrc">آسوری</script>
			<script type="Syrc" alt="proposed" draft="true">سریانی</script>
			<script type="Taml">تامیل</script>
			<script type="Taml" alt="proposed" draft="true">تامیلی</script>
			<script type="Telu">تلوگویی</script>
			<script type="Thai">تایلندی</script>
			<script type="Tibt">تبتی</script>
			<script type="Xpeo" draft="true">فارسی باستان</script>
			<script type="Yiii">یی</script>
			<script type="Zxxx" draft="true">کد زبانهای نوشته‌نشده</script>
			<script type="Zyyy">مشترک</script>
			<script type="Zzzz" draft="true">کد خطهای کدگذاری‌نشده</script>
		</scripts>
		<territories>
			<territory type="001" draft="true">جهان</territory>
			<territory type="002" draft="true">افریقا</territory>
			<territory type="003" draft="true">امریکای شمالی</territory>
			<territory type="005" draft="true">امریکای جنوبی</territory>
			<territory type="009" draft="true">اقیانوسیه</territory>
			<territory type="011" draft="true">غرب افریقا</territory>
			<territory type="013" draft="true">امریکای مرکزی</territory>
			<territory type="014" draft="true">شرق افریقا</territory>
			<territory type="015" draft="true">شمال افریقا</territory>
			<territory type="017" draft="true">مرکز افریقا</territory>
			<territory type="018" draft="true">جنوب افریقا</territory>
			<territory type="019" draft="true">امریکا</territory>
			<territory type="021" draft="true">شمال امریکا</territory>
			<territory type="029" draft="true">کارائیب</territory>
			<territory type="030" draft="true">شرق آسیا</territory>
			<territory type="035" draft="true">جنوب شرقی آسیا</territory>
			<territory type="039" draft="true">جنوب اروپا</territory>
			<territory type="053" draft="true">استرالیا و زلاند نو</territory>
			<territory type="142" draft="true">آسیا</territory>
			<territory type="145" draft="true">غرب آسیا</territory>
			<territory type="150" draft="true">اروپا</territory>
			<territory type="151" draft="true">شرق اروپا</territory>
			<territory type="154" draft="true">شمال اروپا</territory>
			<territory type="155" draft="true">غرب اروپا</territory>
			<territory type="419" draft="true">امریکای لاتین و کارائیب</territory>
			<territory type="AD">آندورا</territory>
			<territory type="AE">امارات متحده‌ی عربی</territory>
			<territory type="AE" alt="proposed" references="R3" draft="true">امارات متحدهٔ عربی</territory>
			<territory type="AF">افغانستان</territory>
			<territory type="AG">آنتیگوا و باربودا</territory>
			<territory type="AI">آنگیل</territory>
			<territory type="AL">آلبانی</territory>
			<territory type="AM">ارمنستان</territory>
			<territory type="AN">آنتیل هلند</territory>
			<territory type="AO">آنگولا</territory>
			<territory type="AQ">جنوبگان</territory>
			<territory type="AR">آرژانتین</territory>
			<territory type="AS">ساموای امریکا</territory>
			<territory type="AT">اتریش</territory>
			<territory type="AU">استرالیا</territory>
			<territory type="AW">آروبا</territory>
			<territory type="AZ">آذربایجان</territory>
			<territory type="AZ" alt="proposed" draft="true">جمهوری آذربایجان</territory>
			<territory type="BA">بوسنی و هرزگوین</territory>
			<territory type="BB">باربادوس</territory>
			<territory type="BD">بنگلادش</territory>
			<territory type="BE">بلژیک</territory>
			<territory type="BF">بورکینافاسو</territory>
			<territory type="BG">بلغارستان</territory>
			<territory type="BH">بحرین</territory>
			<territory type="BI">بوروندی</territory>
			<territory type="BJ">بنین</territory>
			<territory type="BM">برمودا</territory>
			<territory type="BN">برونئی</territory>
			<territory type="BO">بولیوی</territory>
			<territory type="BR">برزیل</territory>
			<territory type="BS">باهاما</territory>
			<territory type="BT">بوتان</territory>
			<territory type="BV">جزیره‌ی بووت</territory>
			<territory type="BV" alt="proposed" references="R3" draft="true">جزیرهٔ بووت</territory>
			<territory type="BW">بوتسوانا</territory>
			<territory type="BY">بیلوروسی</territory>
			<territory type="BZ">بلیز</territory>
			<territory type="CA">کانادا</territory>
			<territory type="CC">جزایر کوکوس</territory>
			<territory type="CD">جمهوری دموکراتیک کنگو</territory>
			<territory type="CF">جمهوری افریقای مرکزی</territory>
			<territory type="CG">کونگو</territory>
			<territory type="CH">سوئیس</territory>
			<territory type="CI">ساحل عاج</territory>
			<territory type="CK">جزایر کوک</territory>
			<territory type="CL">شیلی</territory>
			<territory type="CM">کامرون</territory>
			<territory type="CN">چین</territory>
			<territory type="CO">کلمبیا</territory>
			<territory type="CR">کاستاریکا</territory>
			<territory type="CS" draft="true">صربستان</territory>
			<territory type="CU">کوبا</territory>
			<territory type="CV">کیپ ورد</territory>
			<territory type="CX">جزیره‌ی کریسمس</territory>
			<territory type="CX" alt="proposed" references="R3" draft="true">جزیرهٔ کریسمس</territory>
			<territory type="CY">قبرس</territory>
			<territory type="CZ">جمهوری چک</territory>
			<territory type="DE">آلمان</territory>
			<territory type="DJ">جیبوتی</territory>
			<territory type="DK">دانمارک</territory>
			<territory type="DM">دومینیکا</territory>
			<territory type="DO">جمهوری دومینیکن</territory>
			<territory type="DZ">الجزایر</territory>
			<territory type="EC">اکوادر</territory>
			<territory type="EE">استونی</territory>
			<territory type="EG">مصر</territory>
			<territory type="EH">صحرای غربی</territory>
			<territory type="ER">اریتره</territory>
			<territory type="ES">اسپانیا</territory>
			<territory type="ET">اتیوپی</territory>
			<territory type="FI">فنلاند</territory>
			<territory type="FJ">فیجی</territory>
			<territory type="FK">جزایر فالکلند</territory>
			<territory type="FM">میکرونزی</territory>
			<territory type="FO">جزایر فارو</territory>
			<territory type="FR">فرانسه</territory>
			<territory type="GA">گابون</territory>
			<territory type="GB">انگلستان</territory>
			<territory type="GB" alt="proposed" draft="true">بریتانیا</territory>
			<territory type="GD">گرانادا</territory>
			<territory type="GE">گرجستان</territory>
			<territory type="GF">گویان فرانسه</territory>
			<territory type="GH">غنا</territory>
			<territory type="GI">گیبرالتار</territory>
			<territory type="GL">گروئنلند</territory>
			<territory type="GM">گامبیا</territory>
			<territory type="GN">گینه</territory>
			<territory type="GP">گوادلوپ</territory>
			<territory type="GQ">گینه‌ی استوایی</territory>
			<territory type="GQ" alt="proposed" references="R3" draft="true">گینهٔ استوایی</territory>
			<territory type="GR">یونان</territory>
			<territory type="GS">جورجیای جنوبی و جزایر ساندویچ جنوبی</territory>
			<territory type="GT">گواتمالا</territory>
			<territory type="GU">گوام</territory>
			<territory type="GW">گینه‌ی بیسائو</territory>
			<territory type="GW" alt="proposed" draft="true">گینهٔ بیسائو</territory>
			<territory type="GY">گویان</territory>
			<territory type="HK" draft="true">هنگ‌کنگ</territory>
			<territory type="HK" alt="proposed" draft="true">هنگ‌کنگ، ناحیهٔ ویژهٔ حکومتی چین</territory>
			<territory type="HM">جزیره‌ی هرد و جزایر مک‌دونالد</territory>
			<territory type="HM" alt="proposed" references="R3" draft="true">جزیرهٔ هرد و جزایر مک‌دونالد</territory>
			<territory type="HN">هندوراس</territory>
			<territory type="HR">کرواسی</territory>
			<territory type="HT">هاییتی</territory>
			<territory type="HU">مجارستان</territory>
			<territory type="ID">اندونزی</territory>
			<territory type="IE">ایرلند</territory>
			<territory type="IL">اسرائیل</territory>
			<territory type="IN">هند</territory>
			<territory type="IO">مستعمره‌های انگلستان در اقیانوس هند</territory>
			<territory type="IQ">عراق</territory>
			<territory type="IR">ایران</territory>
			<territory type="IS">ایسلند</territory>
			<territory type="IT">ایتالیا</territory>
			<territory type="JM">جامائیکا</territory>
			<territory type="JO">اردن</territory>
			<territory type="JP">ژاپن</territory>
			<territory type="KE">کنیا</territory>
			<territory type="KG">قرقیزستان</territory>
			<territory type="KH">کامبوج</territory>
			<territory type="KI">کیریباتی</territory>
			<territory type="KM">کومورو</territory>
			<territory type="KN">سنت کیتس و نویس</territory>
			<territory type="KP">کره‌ی شمالی</territory>
			<territory type="KP" alt="proposed" references="R3" draft="true">کرهٔ شمالی</territory>
			<territory type="KR">کره‌ی جنوبی</territory>
			<territory type="KR" alt="proposed" references="R3" draft="true">کرهٔ جنوبی</territory>
			<territory type="KW">کویت</territory>
			<territory type="KY">جزایر کِیمن</territory>
			<territory type="KZ">قزاقستان</territory>
			<territory type="LA">لائوس</territory>
			<territory type="LB">لبنان</territory>
			<territory type="LC">سنت لوسیا</territory>
			<territory type="LI">لیختن‌اشتاین</territory>
			<territory type="LK">سری‌لانکا</territory>
			<territory type="LR">لیبریا</territory>
			<territory type="LS">لسوتو</territory>
			<territory type="LT">لیتوانی</territory>
			<territory type="LU">لوکزامبورگ</territory>
			<territory type="LV">لتونی</territory>
			<territory type="LY">لیبی</territory>
			<territory type="MA">مراکش</territory>
			<territory type="MC">موناکو</territory>
			<territory type="MD">مولدووا</territory>
			<territory type="MG">ماداگاسکار</territory>
			<territory type="MH">جزایر مارشال</territory>
			<territory type="MK">مقدونیه</territory>
			<territory type="ML">مالی</territory>
			<territory type="MM">میانمار</territory>
			<territory type="MN">مغولستان</territory>
			<territory type="MO" draft="true">ماکائو</territory>
			<territory type="MO" alt="proposed" draft="true">ماکائو، ناحیهٔ ویژهٔ حکومتی چین</territory>
			<territory type="MP">جزایر ماریانای شمالی</territory>
			<territory type="MQ">مارتینیک</territory>
			<territory type="MR">موریتانی</territory>
			<territory type="MS">مونت‌سرات</territory>
			<territory type="MT">مالت</territory>
			<territory type="MU">موریتیوس</territory>
			<territory type="MV">مالدیو</territory>
			<territory type="MW">مالاوی</territory>
			<territory type="MX">مکزیک</territory>
			<territory type="MY">مالزی</territory>
			<territory type="MZ">موزامبیک</territory>
			<territory type="NA">نامیبیا</territory>
			<territory type="NC">کالدونیای جدید</territory>
			<territory type="NE">نیجر</territory>
			<territory type="NF">جزیره‌ی نورفولک</territory>
			<territory type="NF" alt="proposed" references="R3" draft="true">جزیرهٔ نورفولک</territory>
			<territory type="NG">نیجریه</territory>
			<territory type="NI">نیکاراگوئه</territory>
			<territory type="NL">هلند</territory>
			<territory type="NO">نروژ</territory>
			<territory type="NP">نپال</territory>
			<territory type="NR">نائورو</territory>
			<territory type="NU">نیوئه</territory>
			<territory type="NZ">زلاند نو</territory>
			<territory type="OM">عمان</territory>
			<territory type="PA">پاناما</territory>
			<territory type="PE">پرو</territory>
			<territory type="PF">پلی‌نزی فرانسه</territory>
			<territory type="PG">پاپوا گینه‌ی نو</territory>
			<territory type="PG" alt="proposed" references="R3" draft="true">پاپوا گینهٔ نو</territory>
			<territory type="PH">فیلیپین</territory>
			<territory type="PK">پاکستان</territory>
			<territory type="PL">لهستان</territory>
			<territory type="PM">سنت پیر و میکلون</territory>
			<territory type="PN">پیتکایرن</territory>
			<territory type="PR">پورتو ریکو</territory>
			<territory type="PT">پرتغال</territory>
			<territory type="PW">پالائو</territory>
			<territory type="PY">پاراگوئه</territory>
			<territory type="QA">قطر</territory>
			<territory type="RE">ریونیون</territory>
			<territory type="RO">رومانی</territory>
			<territory type="RU">روسیه</territory>
			<territory type="RW">رواندا</territory>
			<territory type="SA">عربستان سعودی</territory>
			<territory type="SB">جزایر سلیمان</territory>
			<territory type="SC">سیشل</territory>
			<territory type="SD">سودان</territory>
			<territory type="SE">سوئد</territory>
			<territory type="SG">سنگاپور</territory>
			<territory type="SH">سنت هلن</territory>
			<territory type="SI">اسلوونی</territory>
			<territory type="SJ">اسوالبارد و جان ماین</territory>
			<territory type="SK">اسلواکی</territory>
			<territory type="SL">سیرالئون</territory>
			<territory type="SM">سان مارینو</territory>
			<territory type="SN">سنگال</territory>
			<territory type="SO">سومالی</territory>
			<territory type="SR">سورینام</territory>
			<territory type="ST">سائو تومه و پرینسیپه</territory>
			<territory type="SU" draft="true">اتحاد جماهیر سوسیالیستی شوروی</territory>
			<territory type="SV">السالوادور</territory>
			<territory type="SY">سوریه</territory>
			<territory type="SZ">سوازیلند</territory>
			<territory type="TC">جزایر ترک و کایکوس</territory>
			<territory type="TD">چاد</territory>
			<territory type="TF">مستعمره‌های جنوبی فرانسه</territory>
			<territory type="TG">توگو</territory>
			<territory type="TH">تایلند</territory>
			<territory type="TJ">تاجیکستان</territory>
			<territory type="TK">توکلائو</territory>
			<territory type="TL">تیمور شرقی</territory>
			<territory type="TM">ترکمنستان</territory>
			<territory type="TN">تونس</territory>
			<territory type="TO">تونگا</territory>
			<territory type="TR">ترکیه</territory>
			<territory type="TT">ترینیداد و توباگو</territory>
			<territory type="TV">تووالو</territory>
			<territory type="TW">تایوان</territory>
			<territory type="TZ">تانزانیا</territory>
			<territory type="UA">اوکراین</territory>
			<territory type="UG">اوگاندا</territory>
			<territory type="UM">جزایر کوچک دورافتاده‌ی ایالات متحده</territory>
			<territory type="UM" alt="proposed" references="R3" draft="true">جزایر کوچک دورافتادهٔ ایالات متحده</territory>
			<territory type="US">ایالات متحده‌ی امریکا</territory>
			<territory type="US" alt="proposed" references="R3" draft="true">ایالات متحدهٔ امریکا</territory>
			<territory type="UY">اوروگوئه</territory>
			<territory type="UZ">ازبکستان</territory>
			<territory type="VA">واتیکان</territory>
			<territory type="VC">سنت وینسنت و گرنادین</territory>
			<territory type="VE">ونزوئلا</territory>
			<territory type="VG">جزایر ویرجین انگلستان</territory>
			<territory type="VI">جزایر ویرجین ایالات متحده</territory>
			<territory type="VN">ویتنام</territory>
			<territory type="VU">وانواتو</territory>
			<territory type="WF">والیس و فیوتونا</territory>
			<territory type="WS">ساموا</territory>
			<territory type="YE">یمن</territory>
			<territory type="YT">مایوت</territory>
			<territory type="ZA">افریقای جنوبی</territory>
			<territory type="ZM">زامبیا</territory>
			<territory type="ZW">زیمبابوه</territory>
		</territories>
		<variants>
			<variant type="1901" draft="true">رسم‌الخط سنتی آلمانی</variant>
			<variant type="1996" draft="true">رسم‌الخط آلمانی ۱۹۹۶ میلادی</variant>
			<variant type="REVISED" draft="true">رسم‌الخط تجدیدنظرشده</variant>
			<variant type="GUOYU" draft="true">ماندارین یا چینی استاندارد</variant>
		</variants>
		<keys>
			<key type="calendar" draft="true">تقویم</key>
			<key type="collation" draft="true">ترتیب‌بندی</key>
			<key type="currency" draft="true">واحد پول</key>
		</keys>
		<types>
			<type type="buddhist" key="calendar" draft="true">تقویم بودایی</type>
			<type type="chinese" key="calendar" draft="true">تقویم چینی</type>
			<type type="gregorian" key="calendar" references="R4" draft="true">تقویم گرگوری</type>
			<type type="hebrew" key="calendar" draft="true">تقویم عبری</type>
			<type type="islamic" key="calendar" references="R5" draft="true">تقویم هجری قمری</type>
			<type type="japanese" key="calendar" draft="true">تقویم ژاپنی</type>
			<type type="persian" key="calendar" references="R5" draft="true">تقویم هجری شمسی</type>
			<type type="phonebook" key="collation" draft="true">ترتیب دفتر تلفن</type>
			<type type="traditional" key="collation" draft="true">سنتی</type>
		</types>
	</localeDisplayNames>
	<layout>
		<orientation characters="right-to-left"/>
		<orientation alt="proposed" characters="right-to-left" references="R6" draft="true"/>
	</layout>
	<characters>
		<exemplarCharacters>[ء-ؤئ-غفقل-وً-ْٰٔپچژکگی‌‍‏‎]</exemplarCharacters>
		<exemplarCharacters type="auxiliary" standard="S1" draft="true">[\u0656\u0670]</exemplarCharacters>
		<exemplarCharacters alt="proposed" standard="S1" draft="true">[ء-ؤ ئ-غ ف ق ل-و پ چ ژک گ ی \u064B-\u0652 \u0654 \u200C \u200D]</exemplarCharacters>
	</characters>
	<delimiters>
		<quotationStart references="R6" draft="true">«</quotationStart>
		<quotationEnd references="R6" draft="true">»</quotationEnd>
	</delimiters>
	<dates>
		<calendars>
			<calendar type="gregorian">
				<months>
					<monthContext type="format">
						<monthWidth type="abbreviated">
							<month type="1">ژان</month>
							<month type="2">فور</month>
							<month type="3">مار</month>
							<month type="4">آور</month>
							<month type="5">مـه</month>
							<month type="6">ژون</month>
							<month type="7">ژوی</month>
							<month type="8">اوت</month>
							<month type="9">سپت</month>
							<month type="10">اکت</month>
							<month type="11">نوا</month>
							<month type="12">دسا</month>
						</monthWidth>
						<monthWidth type="abbreviated" alt="proposed">
							<alias source="locale" path="../monthWidth[@type='wide']" draft="true"/>
						</monthWidth>
						<monthWidth type="wide">
							<month type="1">ژانویه</month>
							<month type="1" alt="proposed" references="R6" draft="true">ژانویهٔ</month>
							<month type="2">فوریه</month>
							<month type="2" alt="proposed" references="R6" draft="true">فوریهٔ</month>
							<month type="3">مارس</month>
							<month type="3" alt="proposed" references="R6" draft="true">مارس</month>
							<month type="4">آوریل</month>
							<month type="4" alt="proposed" references="R6" draft="true">آوریل</month>
							<month type="5">مه</month>
							<month type="5" alt="proposed" references="R6" draft="true">مهٔ</month>
							<month type="6">ژوئن</month>
							<month type="6" alt="proposed" references="R6" draft="true">ژوئن</month>
							<month type="7">ژوئیه</month>
							<month type="7" alt="proposed" references="R6" draft="true">ژوئیهٔ</month>
							<month type="8">اوت</month>
							<month type="8" alt="proposed" references="R6" draft="true">اوت</month>
							<month type="9">سپتامبر</month>
							<month type="9" alt="proposed" references="R6" draft="true">سپتامبر</month>
							<month type="10">اکتبر</month>
							<month type="10" alt="proposed" references="R6" draft="true">اکتبر</month>
							<month type="11">نوامبر</month>
							<month type="11" alt="proposed" references="R6" draft="true">نوامبر</month>
							<month type="12">دسامبر</month>
							<month type="12" alt="proposed" references="R6" draft="true">دسامبر</month>
						</monthWidth>
					</monthContext>
					<monthContext type="stand-alone">
						<monthWidth type="abbreviated">
							<alias source="locale" path="../monthWidth[@type='wide']" draft="true"/>
						</monthWidth>
						<monthWidth type="narrow">
							<month type="1" references="R6" draft="true">ژ</month>
							<month type="2" references="R6" draft="true">ف</month>
							<month type="3" references="R6" draft="true">م</month>
							<month type="4" references="R6" draft="true">آ</month>
							<month type="5" references="R6" draft="true">م</month>
							<month type="6" references="R6" draft="true">ژ</month>
							<month type="7" references="R6" draft="true">ژ</month>
							<month type="8" references="R6" draft="true">ا</month>
							<month type="9" references="R6" draft="true">س</month>
							<month type="10" references="R6" draft="true">ا</month>
							<month type="11" references="R6" draft="true">ن</month>
							<month type="12" references="R6" draft="true">د</month>
						</monthWidth>
						<monthWidth type="wide">
							<month type="1" references="R6" draft="true">ژانویه</month>
							<month type="2" references="R6" draft="true">فوریه</month>
							<month type="3" references="R6" draft="true">مارس</month>
							<month type="4" references="R6" draft="true">آوریل</month>
							<month type="5" references="R6" draft="true">مه</month>
							<month type="6" references="R6" draft="true">ژوئن</month>
							<month type="7" references="R6" draft="true">ژوئیه</month>
							<month type="8" references="R6" draft="true">اوت</month>
							<month type="9" references="R6" draft="true">سپتامبر</month>
							<month type="10" references="R6" draft="true">اکتبر</month>
							<month type="11" references="R6" draft="true">نوامبر</month>
							<month type="12" references="R6" draft="true">دسامبر</month>
						</monthWidth>
					</monthContext>
				</months>
				<days>
					<dayContext type="format">
						<dayWidth type="abbreviated">
							<day type="sun">ی.</day>
							<day type="mon">د.</day>
							<day type="tue">س.</day>
							<day type="wed">چ.</day>
							<day type="thu">پ.</day>
							<day type="fri">ج.</day>
							<day type="sat">ش.</day>
						</dayWidth>
						<dayWidth type="abbreviated" alt="proposed">
							<alias source="locale" path="../dayWidth[@type='wide']" draft="true"/>
						</dayWidth>
						<dayWidth type="wide">
							<day type="sun">یک‌شنبه</day>
							<day type="sun" alt="proposed" references="R6" draft="true">یکشنبه</day>
							<day type="mon">دوشنبه</day>
							<day type="mon" alt="proposed" references="R6" draft="true">دوشنبه</day>
							<day type="tue">سه‌شنبه</day>
							<day type="tue" alt="proposed" references="R6" draft="true">سه‌شنبه</day>
							<day type="wed">چهارشنبه</day>
							<day type="wed" alt="proposed" references="R6" draft="true">چهارشنبه</day>
							<day type="thu">پنج‌شنبه</day>
							<day type="thu" alt="proposed" references="R6" draft="true">پنجشنبه</day>
							<day type="fri">جمعه</day>
							<day type="fri" alt="proposed" references="R6" draft="true">جمعه</day>
							<day type="sat">شنبه</day>
							<day type="sat" alt="proposed" references="R6" draft="true">شنبه</day>
						</dayWidth>
					</dayContext>
					<dayContext type="stand-alone">
						<dayWidth type="narrow">
							<day type="sun" references="R6" draft="true">ی</day>
							<day type="mon" references="R6" draft="true">د</day>
							<day type="tue" references="R6" draft="true">س</day>
							<day type="wed" references="R6" draft="true">چ</day>
							<day type="thu" references="R6" draft="true">پ</day>
							<day type="fri" references="R6" draft="true">ج</day>
							<day type="sat" references="R6" draft="true">ش</day>
						</dayWidth>
					</dayContext>
				</days>
				<am>ق.ظ.</am>
				<am alt="proposed" draft="true">قبل از ظهر</am>
				<pm>ب.ظ.</pm>
				<pm alt="proposed" draft="true">بعد از ظهر</pm>
				<eras>
					<eraNames>
						<era type="0" draft="true">قبل از میلاد</era>
						<era type="1" references="R6" draft="true">میلادی</era>
					</eraNames>
					<eraAbbr>
						<era type="0">ق.م.</era>
						<era type="1">م.</era>
						<era type="1" alt="proposed" references="R6" draft="true">م.</era>
					</eraAbbr>
				</eras>
				<dateFormats>
					<default type="long" draft="true"/>
					<dateFormatLength type="full">
						<dateFormat>
							<pattern>EEEE، d MMMM yyyy</pattern>
							<pattern alt="proposed" references="R6" draft="true">EEEE d MMMM yyyy G</pattern>
						</dateFormat>
					</dateFormatLength>
					<dateFormatLength type="long">
						<dateFormat>
							<pattern>d MMMM yyyy</pattern>
							<pattern alt="proposed" references="R6" draft="true">d MMMM yyyy</pattern>
						</dateFormat>
					</dateFormatLength>
					<dateFormatLength type="medium">
						<dateFormat>
							<pattern>yyyy/MM/d</pattern>
							<pattern alt="proposed" references="R6" draft="true">yyyy/M/d</pattern>
						</dateFormat>
					</dateFormatLength>
					<dateFormatLength type="short">
						<dateFormat>
							<pattern>yyyy/MM/d</pattern>
							<pattern alt="proposed" references="R6" draft="true">yy/M/d G</pattern>
						</dateFormat>
					</dateFormatLength>
				</dateFormats>
				<timeFormats>
					<timeFormatLength type="full">
						<timeFormat>
							<pattern>HH:mm:ss (z)</pattern>
							<pattern alt="proposed" references="R6" draft="true">H:mm:ss (zzzz)</pattern>
						</timeFormat>
					</timeFormatLength>
					<timeFormatLength type="long">
						<timeFormat>
							<pattern>HH:mm:ss (z)</pattern>
							<pattern alt="proposed" references="R6" draft="true">H:mm:ss (zz)</pattern>
						</timeFormat>
					</timeFormatLength>
					<timeFormatLength type="medium">
						<timeFormat>
							<pattern references="R6" draft="true">H:mm:ss</pattern>
						</timeFormat>
					</timeFormatLength>
					<timeFormatLength type="short">
						<timeFormat>
							<pattern references="R6" draft="true">H:mm</pattern>
						</timeFormat>
					</timeFormatLength>
				</timeFormats>
			</calendar>
			<calendar type="islamic">
				<months>
					<monthContext type="format">
						<monthWidth type="wide">
							<month type="1" references="R6" draft="true">محرم</month>
							<month type="2" references="R6" draft="true">صفر</month>
							<month type="3" references="R6" draft="true">ربیع الاول</month>
							<month type="4" references="R6" draft="true">ربیع الثانی</month>
							<month type="5" references="R6" draft="true">جمادی الاول</month>
							<month type="6" references="R6" draft="true">جمادی الثانی</month>
							<month type="7" references="R6" draft="true">رجب</month>
							<month type="8" references="R6" draft="true">شعبان</month>
							<month type="9" references="R6" draft="true">رمضان</month>
							<month type="10" references="R6" draft="true">شوال</month>
							<month type="11" references="R6" draft="true">ذیقعدهٔ</month>
							<month type="12" references="R6" draft="true">ذیحجهٔ</month>
						</monthWidth>
					</monthContext>
					<monthContext type="stand-alone">
						<monthWidth type="abbreviated">
							<alias source="locale" path="../monthWidth[@type='wide']" draft="true"/>
						</monthWidth>
						<monthWidth type="narrow">
							<month type="1" references="R6" draft="true">م</month>
							<month type="2" references="R6" draft="true">ص</month>
							<month type="3" references="R6" draft="true">ر</month>
							<month type="4" references="R6" draft="true">ر</month>
							<month type="5" references="R6" draft="true">ج</month>
							<month type="6" references="R6" draft="true">ج</month>
							<month type="7" references="R6" draft="true">ر</month>
							<month type="8" references="R6" draft="true">ش</month>
							<month type="9" references="R6" draft="true">ر</month>
							<month type="10" references="R6" draft="true">ش</month>
							<month type="11" references="R6" draft="true">ذ</month>
							<month type="12" references="R6" draft="true">ذ</month>
						</monthWidth>
						<monthWidth type="wide">
							<month type="1" references="R6" draft="true">محرم</month>
							<month type="2" references="R6" draft="true">صفر</month>
							<month type="3" references="R6" draft="true">ربیع الاول</month>
							<month type="4" references="R6" draft="true">ربیع الثانی</month>
							<month type="5" references="R6" draft="true">جمادی الاول</month>
							<month type="6" references="R6" draft="true">جمادی الثانی</month>
							<month type="7" references="R6" draft="true">رجب</month>
							<month type="8" references="R6" draft="true">شعبان</month>
							<month type="9" references="R6" draft="true">رمضان</month>
							<month type="10" references="R6" draft="true">شوال</month>
							<month type="11" references="R6" draft="true">ذیقعده</month>
							<month type="12" references="R6" draft="true">ذیحجه</month>
						</monthWidth>
					</monthContext>
				</months>
				<eras>
					<eraNames>
						<era type="0" references="R6" draft="true">هجری قمری</era>
					</eraNames>
					<eraAbbr>
						<era type="0" references="R6" draft="true">ه‍. ق.</era>
					</eraAbbr>
				</eras>
				<dateFormats>
					<default type="long" draft="true"/>
					<dateFormatLength type="full">
						<dateFormat>
							<pattern references="R6" draft="true">EEEE d MMMM yyyy G</pattern>
						</dateFormat>
					</dateFormatLength>
					<dateFormatLength type="long">
						<dateFormat>
							<pattern references="R6" draft="true">d MMMM yyyy</pattern>
						</dateFormat>
					</dateFormatLength>
					<dateFormatLength type="medium">
						<dateFormat>
							<pattern references="R6" draft="true">yyyy/M/d G</pattern>
						</dateFormat>
					</dateFormatLength>
					<dateFormatLength type="short">
						<dateFormat>
							<pattern references="R6" draft="true">yy/M/d G</pattern>
						</dateFormat>
					</dateFormatLength>
				</dateFormats>
			</calendar>
			<calendar type="persian">
				<months>
					<monthContext type="format">
						<monthWidth type="abbreviated">
							<alias source="locale" path="../monthWidth[@type='wide']" draft="true"/>
						</monthWidth>
						<monthWidth type="wide">
							<month type="1" draft="true">فروردین</month>
							<month type="1" alt="proposed" references="R6" draft="true">فروردین</month>
							<month type="2" draft="true">اردیبهشت</month>
							<month type="2" alt="proposed" references="R6" draft="true">اردیبهشت</month>
							<month type="3" draft="true">خرداد</month>
							<month type="3" alt="proposed" references="R6" draft="true">خرداد</month>
							<month type="4" draft="true">تیر</month>
							<month type="4" alt="proposed" references="R6" draft="true">تیر</month>
							<month type="5" draft="true">مرداد</month>
							<month type="5" alt="proposed" references="R6" draft="true">مرداد</month>
							<month type="6" draft="true">شهریور</month>
							<month type="6" alt="proposed" references="R6" draft="true">شهریور</month>
							<month type="7" draft="true">مهر</month>
							<month type="7" alt="proposed" references="R6" draft="true">مهر</month>
							<month type="8" draft="true">آبان</month>
							<month type="8" alt="proposed" references="R6" draft="true">آبان</month>
							<month type="9" draft="true">آذر</month>
							<month type="9" alt="proposed" references="R6" draft="true">آذر</month>
							<month type="10" draft="true">دی</month>
							<month type="10" alt="proposed" references="R6" draft="true">دی</month>
							<month type="11" draft="true">بهمن</month>
							<month type="11" alt="proposed" references="R6" draft="true">بهمن</month>
							<month type="12" draft="true">اسفند</month>
							<month type="12" alt="proposed" references="R6" draft="true">اسفند</month>
						</monthWidth>
					</monthContext>
					<monthContext type="stand-alone">
						<monthWidth type="narrow">
							<month type="1" draft="true">ف</month>
							<month type="2" draft="true">ا</month>
							<month type="3" draft="true">خ</month>
							<month type="4" draft="true">ت</month>
							<month type="5" draft="true">م</month>
							<month type="6" draft="true">ش</month>
							<month type="7" draft="true">م</month>
							<month type="8" draft="true">آ</month>
							<month type="9" draft="true">آ</month>
							<month type="10" draft="true">د</month>
							<month type="11" draft="true">ب</month>
							<month type="12" draft="true">ا</month>
						</monthWidth>
					</monthContext>
				</months>
				<eras>
					<eraNames>
						<era type="0" draft="true">هجری شمسی</era>
						<era type="0" alt="proposed" references="R6" draft="true">هجری شمسی</era>
					</eraNames>
					<eraAbbr>
						<era type="0" draft="true">ه‍. ش.</era>
						<era type="0" alt="proposed" references="R6" draft="true">ه‍. ش.</era>
					</eraAbbr>
				</eras>
				<dateFormats>
					<default type="medium" draft="true"/>
					<dateFormatLength type="full">
						<dateFormat>
							<pattern draft="true">EEEE d MMMM yyyy</pattern>
							<pattern alt="proposed" references="R6" draft="true">EEEE d MMMM yyyy</pattern>
						</dateFormat>
					</dateFormatLength>
					<dateFormatLength type="long">
						<dateFormat>
							<pattern draft="true">d MMMM yyyy</pattern>
							<pattern alt="proposed" references="R6" draft="true">d MMMM yyyy</pattern>
						</dateFormat>
					</dateFormatLength>
					<dateFormatLength type="medium">
						<dateFormat>
							<pattern draft="true">yyyy/M/d</pattern>
							<pattern alt="proposed" references="R6" draft="true">yyyy/M/d</pattern>
						</dateFormat>
					</dateFormatLength>
					<dateFormatLength type="short">
						<dateFormat>
							<pattern draft="true">yy/M/d</pattern>
							<pattern alt="proposed" references="R6" draft="true">yy/M/d</pattern>
						</dateFormat>
					</dateFormatLength>
				</dateFormats>
			</calendar>
		</calendars>
		<timeZoneNames>
			<zone type="Asia/Kabul">
				<long>
					<generic draft="true">وقت افغانستان</generic>
				</long>
				<short>
					<generic draft="true">AFT</generic>
				</short>
				<exemplarCity draft="true">کابل</exemplarCity>
			</zone>
			<zone type="Asia/Tehran">
				<long>
					<generic draft="true">وقت ایران</generic>
					<standard>وقت استاندارد تهران</standard>
					<standard alt="proposed" references="R6" draft="true">وقت عادی ایران</standard>
					<daylight>وقت تابستانی تهران</daylight>
					<daylight alt="proposed" references="R6" draft="true">وقت تابستانی ایران</daylight>
				</long>
				<short>
					<generic draft="true">IRT</generic>
					<standard>IRST</standard>
					<standard alt="proposed" references="R6" draft="true">IRST</standard>
					<daylight>IRDT</daylight>
					<daylight alt="proposed" references="R6" draft="true">IRDT</daylight>
				</short>
				<exemplarCity>تهران</exemplarCity>
			</zone>
		</timeZoneNames>
	</dates>
	<numbers>
		<symbols>
			<decimal references="R7" draft="true">٫</decimal>
			<group references="R7" draft="true">٬</group>
			<percentSign references="R7" draft="true">٪</percentSign>
			<nativeZeroDigit references="R7" draft="true">۰</nativeZeroDigit>
			<minusSign references="R7" draft="true">−</minusSign>
			<exponential draft="true">×۱۰^</exponential>
		</symbols>
		<decimalFormats>
			<decimalFormatLength>
				<decimalFormat>
					<pattern draft="true">#,##0.###;'‪'-#,##0.###'‬'</pattern>
				</decimalFormat>
			</decimalFormatLength>
		</decimalFormats>
		<percentFormats>
			<percentFormatLength>
				<percentFormat>
					<pattern references="R8" draft="true">'‪'%#,##0'‬'</pattern>
				</percentFormat>
			</percentFormatLength>
		</percentFormats>
		<currencyFormats>
			<currencyFormatLength>
				<currencyFormat>
					<pattern references="R6" draft="true">#,##0.00 ¤;'‪'-#,##0.00'‬' ¤</pattern>
				</currencyFormat>
			</currencyFormatLength>
		</currencyFormats>
		<currencies>
			<currency type="AED">
				<displayName draft="true">درهم امارات</displayName>
			</currency>
			<currency type="AFA">
				<displayName>افغانی</displayName>
				<displayName alt="proposed" draft="true">افغانی قدیم</displayName>
				<symbol>افغانی</symbol>
			</currency>
			<currency type="AFN">
				<displayName draft="true">افغانی</displayName>
				<symbol draft="true">افغانی</symbol>
			</currency>
			<currency type="ATS">
				<displayName draft="true">شیلینگ اتریش</displayName>
			</currency>
			<currency type="AUD">
				<displayName draft="true">دلار استرالیا</displayName>
			</currency>
			<currency type="AZM">
				<displayName draft="true">منات جمهوری آذربایجان</displayName>
			</currency>
			<currency type="BHD">
				<displayName draft="true">دینار بحرین</displayName>
			</currency>
			<currency type="BIF">
				<displayName draft="true">فرانک بوروندی</displayName>
			</currency>
			<currency type="BND">
				<displayName draft="true">دلار برونئی</displayName>
			</currency>
			<currency type="BYR">
				<displayName draft="true">روبل بیلوروسی</displayName>
			</currency>
			<currency type="CAD">
				<displayName references="R6" draft="true">دلار کانادا</displayName>
			</currency>
			<currency type="CHF">
				<displayName draft="true">فرانک سوئیس</displayName>
			</currency>
			<currency type="DEM">
				<displayName draft="true">مارک آلمان</displayName>
			</currency>
			<currency type="DKK">
				<displayName draft="true">کرون دانمارک</displayName>
			</currency>
			<currency type="EUR">
				<displayName draft="true">یورو</displayName>
			</currency>
			<currency type="FRF">
				<displayName draft="true">فرانک فرانسه</displayName>
			</currency>
			<currency type="GBP">
				<displayName draft="true">پوند استرلینگ بریتانیا</displayName>
			</currency>
			<currency type="HUF">
				<displayName draft="true">فورینت مجارستان</displayName>
			</currency>
			<currency type="INR">
				<displayName references="R3" draft="true">روپیهٔ هند</displayName>
			</currency>
			<currency type="IQD">
				<displayName draft="true">دینار عراق</displayName>
			</currency>
			<currency type="IRR">
				<displayName references="R6" draft="true">ریال ایران</displayName>
				<symbol>﷼</symbol>
			</currency>
			<currency type="JOD">
				<displayName draft="true">دینار اردن</displayName>
			</currency>
			<currency type="JPY">
				<displayName draft="true">ین ژاپن</displayName>
			</currency>
			<currency type="KWD">
				<displayName draft="true">دینار کویت</displayName>
			</currency>
			<currency type="MXN">
				<displayName draft="true">پزوی مکزیک</displayName>
			</currency>
			<currency type="NLG">
				<displayName draft="true">گیلدر هلند</displayName>
			</currency>
			<currency type="NOK">
				<displayName draft="true">کرون نروژ</displayName>
			</currency>
			<currency type="OMR">
				<displayName draft="true">ریال عمان</displayName>
			</currency>
			<currency type="PKR">
				<displayName references="R3" draft="true">روپیهٔ پاکستان</displayName>
			</currency>
			<currency type="QAR">
				<displayName draft="true">ریال قطر</displayName>
			</currency>
			<currency type="RUB">
				<displayName draft="true">روبل روسیه</displayName>
			</currency>
			<currency type="SAR">
				<displayName draft="true">ریال سعودی</displayName>
			</currency>
			<currency type="SEK">
				<displayName draft="true">کرون سوئد</displayName>
			</currency>
			<currency type="SGD">
				<displayName draft="true">دلار سنگاپور</displayName>
			</currency>
			<currency type="TJR">
				<displayName draft="true">روبل تاجیکستان</displayName>
			</currency>
			<currency type="TJS">
				<displayName draft="true">سامانی تاجیکستان</displayName>
			</currency>
			<currency type="TND">
				<displayName draft="true">دینار تونس</displayName>
			</currency>
			<currency type="TRL">
				<displayName references="R9" draft="true">لیرهٔ ترکیه</displayName>
			</currency>
			<currency type="TRY">
				<displayName references="R9" draft="true">لیرهٔ جدید ترکیه</displayName>
			</currency>
			<currency type="USD">
				<displayName draft="true">دلار امریکا</displayName>
			</currency>
			<currency type="XAG">
				<displayName references="R8" draft="true">نقره</displayName>
			</currency>
			<currency type="XAU">
				<displayName references="R8" draft="true">طلا</displayName>
			</currency>
			<currency type="XPD">
				<displayName references="R8" draft="true">پالادیم</displayName>
			</currency>
			<currency type="XPT">
				<displayName references="R8" draft="true">پلاتین</displayName>
			</currency>
			<currency type="YER">
				<displayName draft="true">ریال یمن</displayName>
			</currency>
		</currencies>
	</numbers>
	<references>
		<reference type="R1">زبانهای جهان (ISBN 964-01-0835-9)</reference>
		<reference type="R2">دایرةالمعارف فارسی (ISBN 964-303-044-X)</reference>
		<reference type="R3">دستور خط فارسی (ISBN 964-7531-13-3)</reference>
		<reference type="R4">دایرةالمعارف فارسی مصاحب</reference>
		<reference type="R5">نیازهای شرایط محلی برای زبان فارسی ایران,دایرةالمعارف فارسی مصاحب</reference>
		<reference type="R6">نیازهای شرایط محلی برای زبان فارسی ایران</reference>
		<reference type="R7">ISIRI 6219:2002</reference>
		<reference type="R8">شیوه‌نامه (ISBN 964-01-8127-7)</reference>
		<reference type="R9">دستور خط فارسی (ISBN 964-7531-13-3), فرهنگ جامع ترکی استانبولی به فارسی (ISBN 964-90015-0-6)</reference>
		<reference type="S1" standard="true">ISIRI 6219:2002,دستور خط فارسی (ISBN 964-7531-13-3)</reference>
	</references>
</ldml>