<?xml version="1.0" encoding="UTF-8" ?>
<!DOCTYPE ldml SYSTEM "http://www.unicode.org/cldr/dtd/1.3/ldml.dtd">
<ldml>
	<identity>
		<version number="$Revision: 1.28 $"/>
		<generation date="$Date: 2005/04/21 15:45:02 $"/>
		<language type="fr"/>
		<territory type="LU"/>
	</identity>
	<numbers>
		<symbols>
			<group>.</group>
		</symbols>
		<currencies>
			<currency type="FRF">
				<symbol>FRF</symbol>
			</currency>
			<currency type="LUF">
				<symbol>F</symbol>
			</currency>
		</currencies>
	</numbers>
</ldml>