<?xml version="1.0" encoding="UTF-8" ?>
<!DOCTYPE ldml SYSTEM "http://www.unicode.org/cldr/dtd/1.3/ldml.dtd">
<ldml>
	<identity>
		<version number="$Revision: 1.50 $"/>
		<generation date="$Date: 2005/05/24 23:55:34 $"/>
		<language type="he"/>
	</identity>
	<localeDisplayNames>
		<languages>
			<language type="aa">אתיופית</language>
			<language type="af">אפריקנית</language>
			<language type="ar">ערבית</language>
			<language type="arc">ארמית</language>
			<language type="ast">אוסטרית</language>
			<language type="aus">שפות אוסטרליות</language>
			<language type="bg">בולגרית</language>
			<language type="bn">בנגלית</language>
			<language type="bo">טיבטית</language>
			<language type="bs">בוסנית</language>
			<language type="ca">קטלונית</language>
			<language type="cad">קאדו</language>
			<language type="cs">צ׳כית</language>
			<language type="cy">וולשית</language>
			<language type="da">דנית</language>
			<language type="de">גרמנית</language>
			<language type="egy">מצרית (עתיקה)</language>
			<language type="el">יוונית</language>
			<language type="en">אנגלית</language>
			<language type="eo">אספרנטו</language>
			<language type="es">ספרדית</language>
			<language type="et">אסטונית</language>
			<language type="eu">בסקית</language>
			<language type="fa">פרסית</language>
			<language type="fi">פינית</language>
			<language type="fr">צרפתית</language>
			<language type="ga">אירית</language>
			<language type="gd">סקוטית גאלית</language>
			<language type="he">עברית</language>
			<language type="hi">הינדית</language>
			<language type="hr">קרואטית</language>
			<language type="hu">הונגרית</language>
			<language type="hy">ארמנית</language>
			<language type="id">אינדונזית</language>
			<language type="is">איסלנדית</language>
			<language type="it">איטלקית</language>
			<language type="ja">יפנית</language>
			<language type="ka">גרוזינית</language>
			<language type="ko">קוריאנית</language>
			<language type="la">לטינית</language>
			<language type="lad">לדינו</language>
			<language type="lt">ליטאית</language>
			<language type="lv">לטבית</language>
			<language type="mas">מאסאית</language>
			<language type="mi">מאורית</language>
			<language type="mk">מקדונית</language>
			<language type="mn">מונגולית</language>
			<language type="mo">מולדבית</language>
			<language type="mt">מלטזית</language>
			<language type="mul">מספר שפות</language>
			<language type="myn">מאיה</language>
			<language type="nap">נפוליטנית</language>
			<language type="ne">נפאלית</language>
			<language type="nl">הולנדית</language>
			<language type="no">נורווגית</language>
			<language type="pl">פולנית</language>
			<language type="pt">פורטוגזית</language>
			<language type="ro">רומנית</language>
			<language type="ru">רוסית</language>
			<language type="sa">סנסקרית</language>
			<language type="sgn">שפת סימנים</language>
			<language type="sh">סרבו-קרואטית</language>
			<language type="sk">סלובקית</language>
			<language type="sl">סלובנית</language>
			<language type="sr">סרבית</language>
			<language type="sv">שוודית</language>
			<language type="sw">סווהילית</language>
			<language type="th">תאי</language>
			<language type="tk">טורקמנית</language>
			<language type="tr">טורקית</language>
			<language type="uk">אוקראינית</language>
			<language type="yi">יידיש</language>
			<language type="zh">סינית</language>
			<language type="zu">זולו</language>
		</languages>
		<scripts>
			<script type="Hebr">עברית</script>
		</scripts>
		<territories>
			<territory type="001" draft="true">עולם</territory>
			<territory type="002" draft="true">אפריקה</territory>
			<territory type="005" draft="true">דרום אמריקה</territory>
			<territory type="009">אוקיניה</territory>
			<territory type="011" draft="true">מערב אפריקה</territory>
			<territory type="013" draft="true">מרכז אמריקה</territory>
			<territory type="014" draft="true">מזרח אפריקה</territory>
			<territory type="015" draft="true">צפון אפריקה</territory>
			<territory type="017" draft="true">מרכז אפריקה</territory>
			<territory type="018" draft="true">דרום אפריקה</territory>
			<territory type="019" draft="true">אמריקות</territory>
			<territory type="021" draft="true">צפון אמריקה</territory>
			<territory type="029" draft="true">קריביים</territory>
			<territory type="030" draft="true">מזרח אסיה</territory>
			<territory type="035" draft="true">דרום-מזרח אסיה</territory>
			<territory type="039" draft="true">דרום אירופה</territory>
			<territory type="053" draft="true">אוסטרליה וניו-זילנד</territory>
			<territory type="054" draft="true">מלנסיה</territory>
			<territory type="057" draft="true">מקרונזיה</territory>
			<territory type="061" draft="true">פולינזיה</territory>
			<territory type="062" draft="true">דרום-מרכז אסיה</territory>
			<territory type="142" draft="true">אסיה</territory>
			<territory type="145" draft="true">מזרח אסיה</territory>
			<territory type="150" draft="true">אירופה</territory>
			<territory type="151" draft="true">מזרח אירופה</territory>
			<territory type="154" draft="true">צפון אירופה</territory>
			<territory type="155" draft="true">מערב אירופה</territory>
			<territory type="830" draft="true">איי קנל</territory>
			<territory type="AD">אנדורה</territory>
			<territory type="AE">איחוד האמירויות הערביות</territory>
			<territory type="AE" alt="proposed" draft="true">ברית האמירויות הערביות</territory>
			<territory type="AF">אפגניסטן</territory>
			<territory type="AF" alt="proposed" draft="true">אפגניסטאן</territory>
			<territory type="AG">אנטיגואה וברבודה</territory>
			<territory type="AI">אנגילה</territory>
			<territory type="AI" alt="proposed" draft="true">אנגווילה</territory>
			<territory type="AL">אלבניה</territory>
			<territory type="AM">ארמניה</territory>
			<territory type="AN">האינטילים ההולנדיים</territory>
			<territory type="AN" alt="proposed" draft="true">אנטילים הולנדיים</territory>
			<territory type="AO">אנגולה</territory>
			<territory type="AQ">אנטארקטיקה</territory>
			<territory type="AR">ארגנטינה</territory>
			<territory type="AS">סמואה האמריקנית</territory>
			<territory type="AT">אוסטריה</territory>
			<territory type="AU">אוסטרליה</territory>
			<territory type="AW">ארובה</territory>
			<territory type="AX" draft="true">איי אלנד</territory>
			<territory type="AZ">אזרבייג׳ן</territory>
			<territory type="AZ" alt="proposed" draft="true">אזרבייג׳אן</territory>
			<territory type="BA">בוסניה הרצגובינה</territory>
			<territory type="BA" alt="proposed" draft="true">בוסניה והרצגובינה</territory>
			<territory type="BB">ברבדוס</territory>
			<territory type="BD">בנגלדש</territory>
			<territory type="BD" alt="proposed" draft="true">בנגלאדש</territory>
			<territory type="BE">בלגיה</territory>
			<territory type="BF">בורקינה פאסו</territory>
			<territory type="BG">בולגריה</territory>
			<territory type="BH">בחריין</territory>
			<territory type="BH" alt="proposed" draft="true">בחרין</territory>
			<territory type="BI">בורונדי</territory>
			<territory type="BJ">בנין</territory>
			<territory type="BM">ברמודה</territory>
			<territory type="BN">ברוניי דארסלאם</territory>
			<territory type="BN" alt="proposed" draft="true">ברוניי דארוסאלאם</territory>
			<territory type="BO">בוליביה</territory>
			<territory type="BR">ברזיל</territory>
			<territory type="BS">בהאמה</territory>
			<territory type="BS" alt="proposed" draft="true">באהאמה, איי</territory>
			<territory type="BT">בוטאן</territory>
			<territory type="BT" alt="proposed" draft="true">בהוטאן</territory>
			<territory type="BV">האי בובה</territory>
			<territory type="BV" alt="proposed" draft="true">בובה, אי</territory>
			<territory type="BW">בוטסוואנה</territory>
			<territory type="BW" alt="proposed" draft="true">בוצוואנה</territory>
			<territory type="BY">בלרוס</territory>
			<territory type="BY" alt="proposed" draft="true">בלארוס</territory>
			<territory type="BZ">בליז</territory>
			<territory type="CA">קנדה</territory>
			<territory type="CC">איי קוקוס (קילינג)</territory>
			<territory type="CC" alt="proposed" draft="true">קוקוס, איי</territory>
			<territory type="CD">קונגו, הרפובליקה הדמוקרטית של</territory>
			<territory type="CF">הרפובליקה של מרכז אפריקה</territory>
			<territory type="CG">קונגו</territory>
			<territory type="CH">שווייץ</territory>
			<territory type="CI">חוף השנהב</territory>
			<territory type="CK">איי קוק</territory>
			<territory type="CK" alt="proposed" draft="true">קוק, איי</territory>
			<territory type="CL">צ׳ילה</territory>
			<territory type="CM">קמרון</territory>
			<territory type="CM" alt="proposed" draft="true">קאמרון</territory>
			<territory type="CN">סין</territory>
			<territory type="CO">קולומביה</territory>
			<territory type="CR">קוסטה ריקה</territory>
			<territory type="CS" draft="true">סרביה ומונטנגרו</territory>
			<territory type="CU">קובה</territory>
			<territory type="CV">קייפ ורדה</territory>
			<territory type="CV" alt="proposed" draft="true">קאפ ורדה</territory>
			<territory type="CX">איי כריסטמס</territory>
			<territory type="CX" alt="proposed" draft="true">קריסמס, אי</territory>
			<territory type="CY">קפריסין</territory>
			<territory type="CZ">הרפובליקה הצ׳כית</territory>
			<territory type="CZ" alt="proposed" draft="true">צ׳כיה, הרפובליקה של</territory>
			<territory type="DE">גרמניה</territory>
			<territory type="DJ">ג׳יבוטי</territory>
			<territory type="DK">דנמרק</territory>
			<territory type="DM">דומיניקה</territory>
			<territory type="DO">הרפובליקה הדומיניקנית</territory>
			<territory type="DZ">אלג׳יריה</territory>
			<territory type="EC">אקוואדור</territory>
			<territory type="EE">אסטוניה</territory>
			<territory type="EG">מצרים</territory>
			<territory type="EH">סהרה המערבית</territory>
			<territory type="ER">אריתריאה</territory>
			<territory type="ER" alt="proposed" draft="true">אריטראה</territory>
			<territory type="ES">ספרד</territory>
			<territory type="ET">אתיופיה</territory>
			<territory type="FI">פינלנד</territory>
			<territory type="FJ">פיג׳י</territory>
			<territory type="FK">איי פוקלנד</territory>
			<territory type="FK" alt="proposed" draft="true">פוקלנד, איי</territory>
			<territory type="FM">מאוריציוס, המדינות המאוגדות של</territory>
			<territory type="FM" alt="proposed" draft="true">מיקרונזיה</territory>
			<territory type="FO">איי פארו</territory>
			<territory type="FO" alt="proposed" draft="true">פרואר, איי</territory>
			<territory type="FR">צרפת</territory>
			<territory type="GA">גבון</territory>
			<territory type="GA" alt="proposed" draft="true">גאבון</territory>
			<territory type="GB">בריטניה</territory>
			<territory type="GD">גרנדה</territory>
			<territory type="GD" alt="proposed" draft="true">גרנאדה</territory>
			<territory type="GE">גרוזיה</territory>
			<territory type="GF">גיאנה הצרפתית</territory>
			<territory type="GH">גאנה</territory>
			<territory type="GI">גיברלטר</territory>
			<territory type="GL">גרינלנד</territory>
			<territory type="GL" alt="proposed" draft="true">גרנלנד</territory>
			<territory type="GM">גמביה</territory>
			<territory type="GN">גיניאה</territory>
			<territory type="GP">גוואדלופ</territory>
			<territory type="GQ">גיניאה המשוונית</territory>
			<territory type="GR">יוון</territory>
			<territory type="GS">האי ג׳ורג׳יה הדרומית ואיי סנדוויץ׳ הדרומיים</territory>
			<territory type="GS" alt="proposed" draft="true">ג׳ורג׳יה הדרומית ואיי סנדוויץ׳ הדרומיים</territory>
			<territory type="GT">גווטמאלה</territory>
			<territory type="GT" alt="proposed" draft="true">גוואטמאלה</territory>
			<territory type="GU">גואם</territory>
			<territory type="GW">גיניאה-ביסאו</territory>
			<territory type="GY">גיאנה</territory>
			<territory type="HK">הונג קונג S.A.R. של סין</territory>
			<territory type="HK" alt="proposed" draft="true">הונג קונג S.A.R.‎ של סין</territory>
			<territory type="HM">איי הרד ואיי מקדונלנד</territory>
			<territory type="HM" alt="proposed" draft="true">הרד ומקדונלנד, איי</territory>
			<territory type="HN">הונדורס</territory>
			<territory type="HR">קרואטיה</territory>
			<territory type="HT">האיטי</territory>
			<territory type="HU">הונגריה</territory>
			<territory type="ID">אינדונזיה</territory>
			<territory type="IE">אירלנד</territory>
			<territory type="IL">ישראל</territory>
			<territory type="IN">הודו</territory>
			<territory type="IO">הטריטוריה הבריטית באוקינוס ההודי</territory>
			<territory type="IO" alt="proposed" draft="true">טריטוריה בריטית באוקיאנוס ההודי</territory>
			<territory type="IQ">עירק</territory>
			<territory type="IR">איראן, הרפובליקה האיסלמית</territory>
			<territory type="IR" alt="proposed" draft="true">איראן</territory>
			<territory type="IS">איסלנד</territory>
			<territory type="IT">איטליה</territory>
			<territory type="JM">ג׳מייקה</territory>
			<territory type="JM" alt="proposed" draft="true">ג׳אמייקה</territory>
			<territory type="JO">ירדן</territory>
			<territory type="JP">יפן</territory>
			<territory type="KE">קניה</territory>
			<territory type="KG">קירגיזסטן</territory>
			<territory type="KG" alt="proposed" draft="true">קירגיזסטאן</territory>
			<territory type="KH">קמבודיה</territory>
			<territory type="KI">קיריבאטי</territory>
			<territory type="KM">קומורוס</territory>
			<territory type="KN">סנט קיטס וניבס</territory>
			<territory type="KN" alt="proposed" draft="true">סנט קיטס ונוויס</territory>
			<territory type="KP">קוריאה, צפון</territory>
			<territory type="KP" alt="proposed" draft="true">קוריאה הצפונית</territory>
			<territory type="KR">קוריאה, דרום</territory>
			<territory type="KR" alt="proposed" draft="true">קוריאה הדרומית</territory>
			<territory type="KW">כווית</territory>
			<territory type="KW" alt="proposed" draft="true">כוויית</territory>
			<territory type="KY">איי קיימאן</territory>
			<territory type="KY" alt="proposed" draft="true">קיימאן, איי</territory>
			<territory type="KZ">קזחסטן</territory>
			<territory type="KZ" alt="proposed" draft="true">קזאחסטאן</territory>
			<territory type="LA">לאוס, הרפובליקה הדמקורטית העממית</territory>
			<territory type="LA" alt="proposed" draft="true">לאוס</territory>
			<territory type="LB">לבנון</territory>
			<territory type="LC">סנט לושיה</territory>
			<territory type="LC" alt="proposed" draft="true">סנט לוסיה</territory>
			<territory type="LI">ליכטנשטיין</territory>
			<territory type="LK">סרי לנקה</territory>
			<territory type="LR">ליבריה</territory>
			<territory type="LS">לסוטו</territory>
			<territory type="LS" alt="proposed" draft="true">לסותו</territory>
			<territory type="LT">ליטא</territory>
			<territory type="LU">לוקסמבורג</territory>
			<territory type="LV">לטביה</territory>
			<territory type="LY">לוב</territory>
			<territory type="MA">מרוקו</territory>
			<territory type="MC">מונקו</territory>
			<territory type="MC" alt="proposed" draft="true">מונאקו</territory>
			<territory type="MD">מולדובה, הרפובליקה</territory>
			<territory type="MD" alt="proposed" draft="true">מולדובה</territory>
			<territory type="MG">מדגסקר</territory>
			<territory type="MH">איי מרשל</territory>
			<territory type="MH" alt="proposed" draft="true">מרשל, איי</territory>
			<territory type="MK">מקדוניה, הרפובליקה של</territory>
			<territory type="MK" alt="proposed" draft="true">מקדוניה</territory>
			<territory type="ML">מאלי</territory>
			<territory type="MM">מינמאר</territory>
			<territory type="MM" alt="proposed" draft="true">מייאנמאר</territory>
			<territory type="MN">מונגוליה</territory>
			<territory type="MO">מקאו S.A.R. של סין</territory>
			<territory type="MO" alt="proposed" draft="true">מקאו S.A.R.‎ של סין</territory>
			<territory type="MP">איי מריאנה הצפוניים</territory>
			<territory type="MP" alt="proposed" draft="true">מריאנה הצפוניים, איי</territory>
			<territory type="MQ">מרטיניק</territory>
			<territory type="MR">מאוריטניה</territory>
			<territory type="MS">מונטסראט</territory>
			<territory type="MS" alt="proposed" draft="true">מונסראט</territory>
			<territory type="MT">מלטה</territory>
			<territory type="MU">מאוריציוס</territory>
			<territory type="MV">מלדיבאס</territory>
			<territory type="MV" alt="proposed" draft="true">מלדיבים</territory>
			<territory type="MW">מלאווי</territory>
			<territory type="MX">מכסיקו</territory>
			<territory type="MX" alt="proposed" draft="true">מקסיקו</territory>
			<territory type="MY">מלזיה</territory>
			<territory type="MZ">מוזמביק</territory>
			<territory type="NA">נמיביה</territory>
			<territory type="NA" alt="proposed" draft="true">נאמיביה</territory>
			<territory type="NC">קלדוניה החדשה</territory>
			<territory type="NE">ניז׳ר</territory>
			<territory type="NF">איי נורפק</territory>
			<territory type="NF" alt="proposed" draft="true">נורפוק, איי</territory>
			<territory type="NG">ניגריה</territory>
			<territory type="NI">ניקראגווה</territory>
			<territory type="NI" alt="proposed" draft="true">ניקאראגואה</territory>
			<territory type="NL">הולנד</territory>
			<territory type="NO">נורווגיה</territory>
			<territory type="NP">נפאל</territory>
			<territory type="NR">נאורו</territory>
			<territory type="NU">ניווה</territory>
			<territory type="NU" alt="proposed" draft="true">ניאו</territory>
			<territory type="NZ">ניו זילנד</territory>
			<territory type="OM">עומן</territory>
			<territory type="OM" alt="proposed" draft="true">עומאן</territory>
			<territory type="PA">פנמה</territory>
			<territory type="PE">פרו</territory>
			<territory type="PF">פולינזיה הצרפתית</territory>
			<territory type="PG">פפואה גיניאה החדשה</territory>
			<territory type="PG" alt="proposed" draft="true">פאפואה ניו-גיניאה</territory>
			<territory type="PH">פיליפינים</territory>
			<territory type="PK">פקיסטן</territory>
			<territory type="PK" alt="proposed" draft="true">פקיסטאן</territory>
			<territory type="PL">פולין</territory>
			<territory type="PM">סנט פייר ומיקלון</territory>
			<territory type="PN">פיטקיירן</territory>
			<territory type="PN" alt="proposed" draft="true">פיטקרן</territory>
			<territory type="PR">פורטו ריקו</territory>
			<territory type="PR" alt="proposed" draft="true">פוארטו ריקו</territory>
			<territory type="PS">הרשות הפלשתינית</territory>
			<territory type="PT">פורטוגל</territory>
			<territory type="PW">פלאו</territory>
			<territory type="PW" alt="proposed" draft="true">פאלאו</territory>
			<territory type="PY">פראגוואי</territory>
			<territory type="PY" alt="proposed" draft="true">פרגוואי</territory>
			<territory type="QA">קטר</territory>
			<territory type="QA" alt="proposed" draft="true">קאטאר</territory>
			<territory type="RE">ראוניון</territory>
			<territory type="RO">רומניה</territory>
			<territory type="RU">חבר המדינות הרוסיות</territory>
			<territory type="RU" alt="proposed" draft="true">רוסיה, הפדרציה של</territory>
			<territory type="RW">רואנדה</territory>
			<territory type="SA">ערב הסעודית</territory>
			<territory type="SB">איי שלמה</territory>
			<territory type="SB" alt="proposed" draft="true">שלמה, איי</territory>
			<territory type="SC">איי סיישל</territory>
			<territory type="SC" alt="proposed" draft="true">סיישל</territory>
			<territory type="SD">סודן</territory>
			<territory type="SD" alt="proposed" draft="true">סודאן</territory>
			<territory type="SE">שוודיה</territory>
			<territory type="SG">סינגפור</territory>
			<territory type="SH">סיינט הלנה</territory>
			<territory type="SH" alt="proposed" draft="true">סנט הלנה</territory>
			<territory type="SI">סלובניה</territory>
			<territory type="SJ">סוולבארד וז׳אן מאיין</territory>
			<territory type="SJ" alt="proposed" draft="true">סוואלברד ויאן מאיין</territory>
			<territory type="SK">סלובקיה</territory>
			<territory type="SL">סיירה לאונה</territory>
			<territory type="SM">סן מרינו</territory>
			<territory type="SM" alt="proposed" draft="true">סאן מארינו</territory>
			<territory type="SN">סנגל</territory>
			<territory type="SN" alt="proposed" draft="true">סנגאל</territory>
			<territory type="SO">סומליה</territory>
			<territory type="SO" alt="proposed" draft="true">סומאליה</territory>
			<territory type="SR">סורינאם</territory>
			<territory type="ST">סן תומה ופרינסיפה</territory>
			<territory type="ST" alt="proposed" draft="true">סאו טומה ופרינסיפה</territory>
			<territory type="SV">אל סלבאדור</territory>
			<territory type="SV" alt="proposed" draft="true">אל סלוואדור</territory>
			<territory type="SY">הרפובליקה הערבית הסורית</territory>
			<territory type="SY" alt="proposed" draft="true">סוריה</territory>
			<territory type="SZ">סווזילנד</territory>
			<territory type="SZ" alt="proposed" draft="true">סוואזילנד</territory>
			<territory type="TC">איי טורקס וקאיקוס</territory>
			<territory type="TC" alt="proposed" draft="true">טרקס וקייקוס, איי</territory>
			<territory type="TD">צ׳אד</territory>
			<territory type="TF">טריטוריות דרומיות של צרפת</territory>
			<territory type="TG">טוגו</territory>
			<territory type="TH">תאילנד</territory>
			<territory type="TH" alt="proposed" draft="true">תאיילנד</territory>
			<territory type="TJ">טג׳יקיסטן</territory>
			<territory type="TJ" alt="proposed" draft="true">טג׳יקיסטאן</territory>
			<territory type="TK">טוקלאו</territory>
			<territory type="TL">מזרח טימור</territory>
			<territory type="TL" alt="proposed" draft="true">טימור המזרחית</territory>
			<territory type="TM">טורקמניסטן</territory>
			<territory type="TM" alt="proposed" draft="true">טורקמניסטאן</territory>
			<territory type="TN">טוניסיה</territory>
			<territory type="TO">טונגה</territory>
			<territory type="TR">טורקיה</territory>
			<territory type="TT">טרינידד וטובגו</territory>
			<territory type="TT" alt="proposed" draft="true">טרינידאד וטובגו</territory>
			<territory type="TV">טובאלו</territory>
			<territory type="TW">טיוואן</territory>
			<territory type="TW" alt="proposed" draft="true">טייוואן</territory>
			<territory type="TZ">טנזניה</territory>
			<territory type="UA">אוקראינה</territory>
			<territory type="UG">אוגנדה</territory>
			<territory type="UM">איים קטנים שלחוף ארצות הברית</territory>
			<territory type="UM" alt="proposed" draft="true">איים שונים של ארצות הברית באוקיאנוס השקט</territory>
			<territory type="US">ארצות הברית</territory>
			<territory type="UY">אורוגוואי</territory>
			<territory type="UZ">אוזבקיסטן</territory>
			<territory type="UZ" alt="proposed" draft="true">אוזבקיסטאן</territory>
			<territory type="VA">הוותיקן</territory>
			<territory type="VA" alt="proposed" draft="true">וטיקאן</territory>
			<territory type="VC">סנט וינסנט והגרנדינים</territory>
			<territory type="VC" alt="proposed" draft="true">סנט וינסנט ואיי גרנאדין</territory>
			<territory type="VE">ונצואלה</territory>
			<territory type="VG">איי הבתולה הבריטיים</territory>
			<territory type="VG" alt="proposed" draft="true">בתולה, איי (בריטיים)</territory>
			<territory type="VI">איי הבתולה האמריקניים</territory>
			<territory type="VI" alt="proposed" draft="true">בתולה, איי (ארה&quot;ב)</territory>
			<territory type="VN">וייטנאם</territory>
			<territory type="VU">ואנואטו</territory>
			<territory type="WF">ואליס ופוטונה</territory>
			<territory type="WF" alt="proposed" draft="true">ווליס ופוטונה</territory>
			<territory type="WS">סמואה</territory>
			<territory type="YE">תימן</territory>
			<territory type="YT">מיוטה</territory>
			<territory type="YT" alt="proposed" draft="true">מאיוט</territory>
			<territory type="ZA">דרום אפריקה</territory>
			<territory type="ZM">זמביה</territory>
			<territory type="ZW">זימבבווה</territory>
			<territory type="ZW" alt="proposed" draft="true">זימבאבווה</territory>
		</territories>
		<keys>
			<key type="calendar">לוח שנה</key>
			<key type="collation">מיון</key>
			<key type="currency">מטבע</key>
		</keys>
		<types>
			<type type="hebrew" key="calendar">לוח שנה עברי</type>
		</types>
	</localeDisplayNames>
	<layout>
		<orientation characters="right-to-left"/>
	</layout>
	<characters>
		<exemplarCharacters>[ְ-ֹֻ-ֽֿׁ-ׂׄא-ת]</exemplarCharacters>
	</characters>
	<dates>
		<localizedPatternChars>GanjkHmsSEDFwWxhKzAeugXZ</localizedPatternChars>
		<calendars>
			<calendar type="gregorian">
				<months>
					<monthContext type="format">
						<monthWidth type="abbreviated">
							<month type="1">ינו</month>
							<month type="2">פבר</month>
							<month type="3">מרץ</month>
							<month type="4">אפר</month>
							<month type="5">מאי</month>
							<month type="6">יונ</month>
							<month type="7">יול</month>
							<month type="8">אוג</month>
							<month type="9">ספט</month>
							<month type="10">אוק</month>
							<month type="11">נוב</month>
							<month type="12">דצמ</month>
						</monthWidth>
						<monthWidth type="wide">
							<month type="1">ינואר</month>
							<month type="2">פברואר</month>
							<month type="3">מרץ</month>
							<month type="4">אפריל</month>
							<month type="5">מאי</month>
							<month type="6">יוני</month>
							<month type="7">יולי</month>
							<month type="8">אוגוסט</month>
							<month type="9">ספטמבר</month>
							<month type="10">אוקטובר</month>
							<month type="11">נובמבר</month>
							<month type="12">דצמבר</month>
						</monthWidth>
					</monthContext>
				</months>
				<days>
					<dayContext type="format">
						<dayWidth type="abbreviated">
							<day type="sun">א</day>
							<day type="mon">ב</day>
							<day type="tue">ג</day>
							<day type="wed">ד</day>
							<day type="thu">ה</day>
							<day type="fri">ו</day>
							<day type="sat">ש</day>
						</dayWidth>
						<dayWidth type="wide">
							<day type="sun">יום ראשון</day>
							<day type="mon">יום שני</day>
							<day type="tue">יום שלישי</day>
							<day type="wed">יום רביעי</day>
							<day type="thu">יום חמישי</day>
							<day type="fri">יום שישי</day>
							<day type="sat">שבת</day>
						</dayWidth>
					</dayContext>
					<dayContext type="stand-alone">
						<dayWidth type="narrow">
							<day type="sun">א</day>
							<day type="mon">ב</day>
							<day type="tue">ג</day>
							<day type="wed">ד</day>
							<day type="thu">ה</day>
							<day type="fri">ו</day>
							<day type="sat">ש</day>
						</dayWidth>
					</dayContext>
				</days>
				<week>
					<weekendStart day="fri"/>
					<weekendEnd day="sat"/>
				</week>
				<eras>
					<eraAbbr>
						<era type="0">לפנה״ס</era>
						<era type="1">לסה״נ</era>
					</eraAbbr>
				</eras>
				<dateFormats>
					<dateFormatLength type="full">
						<dateFormat>
							<pattern>EEEE d MMMM yyyy</pattern>
						</dateFormat>
					</dateFormatLength>
					<dateFormatLength type="long">
						<dateFormat>
							<pattern>d MMMM yyyy</pattern>
						</dateFormat>
					</dateFormatLength>
					<dateFormatLength type="medium">
						<dateFormat>
							<pattern>dd/MM/yyyy</pattern>
						</dateFormat>
					</dateFormatLength>
					<dateFormatLength type="short">
						<dateFormat>
							<pattern>dd/MM/yy</pattern>
						</dateFormat>
					</dateFormatLength>
				</dateFormats>
				<dateTimeFormats>
					<dateTimeFormatLength>
						<dateTimeFormat>
							<pattern>{0} {1}</pattern>
						</dateTimeFormat>
					</dateTimeFormatLength>
				</dateTimeFormats>
			</calendar>
			<calendar type="hebrew">
				<months>
					<monthContext type="format">
						<monthWidth type="abbreviated">
							<alias source="locale" path="../monthWidth[@type='wide']"/>
						</monthWidth>
						<monthWidth type="wide">
							<month type="1">תשרי</month>
							<month type="2">חשון</month>
							<month type="3">כסלו</month>
							<month type="4">טבת</month>
							<month type="5">שבט</month>
							<month type="6">אדר ראשון</month>
							<month type="7">אדר שני</month>
							<month type="8">ניסן</month>
							<month type="9">אייר</month>
							<month type="10">סיון</month>
							<month type="11">תמוז</month>
							<month type="12">אב</month>
							<month type="13">אלול</month>
						</monthWidth>
					</monthContext>
				</months>
				<eras>
					<eraAbbr>
						<era type="0">לבה&quot;ע</era>
					</eraAbbr>
				</eras>
			</calendar>
			<calendar type="islamic">
				<months>
					<monthContext type="format">
						<monthWidth type="abbreviated">
							<alias source="locale" path="../monthWidth[@type='wide']"/>
						</monthWidth>
						<monthWidth type="wide">
							<month type="1">מוחרם</month>
							<month type="2">ספר</month>
							<month type="3">רביע אל-אוואל</month>
							<month type="4">רביע אל-תני</month>
							<month type="5">ג׳ומדה אל-אוואל</month>
							<month type="6">ג׳ומדה אל-תני</month>
							<month type="7">רג׳אב</month>
							<month type="8">שעבאן</month>
							<month type="9">ראמדן</month>
							<month type="10">שוואל</month>
							<month type="11">זו אל-QI'DAH</month>
							<month type="12">זו אל-חיג׳ה</month>
						</monthWidth>
					</monthContext>
				</months>
				<eras>
					<eraAbbr>
						<era type="0">שנת היג׳רה</era>
					</eraAbbr>
				</eras>
			</calendar>
			<calendar type="islamic-civil">
				<alias source="locale" path="../calendar[@type='islamic']"/>
			</calendar>
		</calendars>
		<timeZoneNames>
			<zone type="Antarctica/Palmer">
				<exemplarCity>אמריקה/פאלמר</exemplarCity>
			</zone>
			<zone type="America/Mendoza">
				<exemplarCity>אמריקה/מנדוזה</exemplarCity>
			</zone>
			<zone type="America/Argentina/San_Juan">
				<exemplarCity>אמריקה/ארגנטינה/סאן-חואן</exemplarCity>
			</zone>
			<zone type="America/Cordoba">
				<exemplarCity>אמריקה/קורדובה</exemplarCity>
			</zone>
			<zone type="America/Buenos_Aires">
				<exemplarCity>בואנוס איירס</exemplarCity>
			</zone>
			<zone type="Australia/Perth">
				<exemplarCity>אוסטרליה/פרת'</exemplarCity>
			</zone>
			<zone type="Australia/Darwin">
				<exemplarCity>אוסטרליה/דרווין</exemplarCity>
			</zone>
			<zone type="Australia/Adelaide">
				<exemplarCity>אדלייד</exemplarCity>
			</zone>
			<zone type="Australia/Broken_Hill">
				<exemplarCity>אוסטרליה/ברוקן-היל</exemplarCity>
			</zone>
			<zone type="Australia/Melbourne">
				<exemplarCity>אוסטרליה/מלבורן</exemplarCity>
			</zone>
			<zone type="Australia/Hobart">
				<exemplarCity>אוסטרליה/הוברט</exemplarCity>
			</zone>
			<zone type="Australia/Sydney">
				<exemplarCity>אוסטרליה/סידני</exemplarCity>
			</zone>
			<zone type="Australia/Brisbane">
				<exemplarCity>אוסטרליה/בריסבן</exemplarCity>
			</zone>
			<zone type="America/Sao_Paulo">
				<exemplarCity>אמריקה/סאן-פאולו</exemplarCity>
			</zone>
			<zone type="America/Bahia">
				<exemplarCity>אמריקה/בהיאה</exemplarCity>
			</zone>
			<zone type="America/Vancouver">
				<exemplarCity>אמריקה/ונקובר</exemplarCity>
			</zone>
			<zone type="America/Dawson_Creek">
				<exemplarCity>אמריקה/דוסון-קריק</exemplarCity>
			</zone>
			<zone type="America/Edmonton">
				<exemplarCity>אמריקה/אדמנטון</exemplarCity>
			</zone>
			<zone type="America/Winnipeg">
				<exemplarCity>אמריקה/וויניפוג</exemplarCity>
			</zone>
			<zone type="America/Toronto">
				<exemplarCity>אמריקה/טורנטו</exemplarCity>
			</zone>
			<zone type="America/Montreal">
				<exemplarCity>אמריקה/מונטריאול</exemplarCity>
			</zone>
			<zone type="America/Halifax">
				<exemplarCity>אמריקה/הליפקס</exemplarCity>
			</zone>
			<zone type="America/Santiago">
				<exemplarCity>אמריקה/סנטיאגו</exemplarCity>
			</zone>
			<zone type="Asia/Shanghai">
				<exemplarCity>אסיה/שנחאי</exemplarCity>
			</zone>
			<zone type="Pacific/Galapagos">
				<exemplarCity>פסיפי/גלאפגוס</exemplarCity>
			</zone>
			<zone type="Atlantic/Canary">
				<exemplarCity>אטלנטי/קנרי</exemplarCity>
			</zone>
			<zone type="Europe/Madrid">
				<exemplarCity>אירופה/מדריד</exemplarCity>
			</zone>
			<zone type="Europe/Belfast">
				<exemplarCity>אירופה/בלפסט</exemplarCity>
			</zone>
			<zone type="Europe/London">
				<exemplarCity>אירופה/לונדון</exemplarCity>
			</zone>
			<zone type="Asia/Jakarta">
				<exemplarCity>אסיה/ג'קרטה</exemplarCity>
			</zone>
			<zone type="Asia/Oral">
				<exemplarCity>אסיה/אורל</exemplarCity>
			</zone>
			<zone type="Africa/Timbuktu">
				<exemplarCity>אפריקה/טימבקטו</exemplarCity>
			</zone>
			<zone type="America/Mazatlan">
				<exemplarCity>אמריקה/מזטלן</exemplarCity>
			</zone>
			<zone type="America/Monterrey">
				<exemplarCity>אמריקה/מונטריי</exemplarCity>
			</zone>
			<zone type="America/Mexico_City">
				<exemplarCity>אמריקה/מקסיקו סיטי</exemplarCity>
			</zone>
			<zone type="America/Cancun">
				<exemplarCity>אמריקה/קנקון</exemplarCity>
			</zone>
			<zone type="Asia/Kuala_Lumpur">
				<exemplarCity>קואלה לומפור</exemplarCity>
			</zone>
			<zone type="Pacific/Auckland">
				<exemplarCity>פסיפי/אוקלנד</exemplarCity>
			</zone>
			<zone type="Pacific/Tahiti">
				<exemplarCity>פסיפי/טהיטי</exemplarCity>
			</zone>
			<zone type="Europe/Lisbon">
				<exemplarCity>אירופה/ליסבון</exemplarCity>
			</zone>
			<zone type="Europe/Moscow">
				<exemplarCity>אירופה/מוסקבה</exemplarCity>
			</zone>
			<zone type="Europe/Samara">
				<exemplarCity>אירופה/סמרה</exemplarCity>
			</zone>
			<zone type="Asia/Omsk">
				<exemplarCity>איה/אומסק</exemplarCity>
			</zone>
			<zone type="Asia/Novosibirsk">
				<exemplarCity>אסיה/נובוסיבירסק</exemplarCity>
			</zone>
			<zone type="Europe/Kiev">
				<exemplarCity>אירופה/קייב</exemplarCity>
			</zone>
			<zone type="Pacific/Honolulu">
				<exemplarCity>פסיפי/הונולולו</exemplarCity>
			</zone>
			<zone type="America/Los_Angeles">
				<exemplarCity>אמריקה/לוס-אנג'לס</exemplarCity>
			</zone>
			<zone type="America/Phoenix">
				<exemplarCity>אמריקה/פיניקס</exemplarCity>
			</zone>
			<zone type="America/Shiprock">
				<exemplarCity>אמריקה/שיפרוק</exemplarCity>
			</zone>
			<zone type="America/Denver">
				<exemplarCity>אמריקה/דנוור</exemplarCity>
			</zone>
			<zone type="America/North_Dakota/Center">
				<exemplarCity>אמריקה/צפון דקוטה/מרכז</exemplarCity>
			</zone>
			<zone type="America/Chicago">
				<exemplarCity>אמריקה/שיקגו</exemplarCity>
			</zone>
			<zone type="America/Indianapolis">
				<exemplarCity>אינדיאנפוליס</exemplarCity>
			</zone>
			<zone type="America/Louisville">
				<exemplarCity>אמריקה/לואיסוויל</exemplarCity>
			</zone>
			<zone type="America/Detroit">
				<exemplarCity>אמריקה/דטרויט</exemplarCity>
			</zone>
			<zone type="America/New_York">
				<exemplarCity>אמריקה/ניו-יורק</exemplarCity>
			</zone>
			<zone type="Asia/Samarkand">
				<exemplarCity>אסיה/סמרקנד</exemplarCity>
			</zone>
			<zone type="Asia/Tashkent">
				<exemplarCity>אסיה/טשקנט</exemplarCity>
			</zone>
		</timeZoneNames>
	</dates>
	<numbers>
		<currencies>
			<currency type="BRL">
				<displayName draft="true">ריאל ברזילאי</displayName>
			</currency>
			<currency type="CNY">
				<displayName draft="true">יואן</displayName>
			</currency>
			<currency type="EUR">
				<displayName draft="true">יורו</displayName>
			</currency>
			<currency type="GBP">
				<displayName draft="true">לירה שטרלינג</displayName>
			</currency>
			<currency type="ILS">
				<displayName>ש&quot;ח</displayName>
				<symbol>₪</symbol>
			</currency>
			<currency type="INR">
				<displayName>רופי הודית</displayName>
			</currency>
			<currency type="JPY">
				<displayName draft="true">ין</displayName>
			</currency>
			<currency type="RUB">
				<displayName draft="true">רובל</displayName>
			</currency>
			<currency type="TRY">
				<displayName draft="true">לירה טורקית חדשה</displayName>
			</currency>
			<currency type="USD">
				<displayName draft="true">דולר אמריקאי</displayName>
			</currency>
		</currencies>
	</numbers>
	<posix>
		<messages>
			<yesstr draft="true">כן:כ</yesstr>
			<nostr draft="true">לא:ל</nostr>
			<yesexpr draft="true">^([yY]([eE][sS])?)|כ|כן</yesexpr>
			<noexpr draft="true">^([nN][oO]?)|לא|ל</noexpr>
		</messages>
	</posix>
</ldml>