<?xml version="1.0" encoding="UTF-8" ?>
<!DOCTYPE ldml SYSTEM "http://www.unicode.org/cldr/dtd/1.3/ldml.dtd">
<ldml>
	<identity>
		<version number="$Revision: 1.41 $"/>
		<generation date="$Date: 2005/05/03 16:03:26 $"/>
		<language type="nn"/>
	</identity>
	<localeDisplayNames>
		<languages>
			<language type="ar" draft="true">Arabisk</language>
			<language type="de" draft="true">Tysk</language>
			<language type="en" draft="true">Engelsk</language>
			<language type="es" draft="true">Spansk</language>
			<language type="fr" draft="true">Fransk</language>
			<language type="it" draft="true">Italiensk</language>
			<language type="ja" draft="true">Japansk</language>
			<language type="nb">norsk bokmål</language>
			<language type="nn">norsk nynorsk</language>
			<language type="no">norsk</language>
			<language type="pt" draft="true">Portugisisk</language>
			<language type="ru" draft="true">Russisk</language>
			<language type="zh" draft="true">Kinesisk</language>
		</languages>
		<scripts>
			<script type="Latn" draft="true">Latinsk</script>
		</scripts>
		<territories>
			<territory type="001" draft="true">Verden</territory>
			<territory type="002" draft="true">Afrika</territory>
			<territory type="005" draft="true">Sør-Amerika</territory>
			<territory type="009" draft="true">Oseania</territory>
			<territory type="011" draft="true">Vest-Afrika</territory>
			<territory type="013" draft="true">Sentral-Amerika</territory>
			<territory type="014" draft="true">Aust-Afrika</territory>
			<territory type="015" draft="true">Nord-Afrika</territory>
			<territory type="017" draft="true">Sentral-Afrika</territory>
			<territory type="018" draft="true">Sørlege Afrika</territory>
			<territory type="019" draft="true">Amerika</territory>
			<territory type="021" draft="true">Nord-Amerika</territory>
			<territory type="029" draft="true">Karibiske hav</territory>
			<territory type="030" draft="true">Aust-Asia</territory>
			<territory type="035" draft="true">Søraust-Asia</territory>
			<territory type="039" draft="true">Sør-Europa</territory>
			<territory type="053" draft="true">Australia og New Zealand</territory>
			<territory type="054" draft="true">Melanesia</territory>
			<territory type="057" draft="true">Mikronesia</territory>
			<territory type="061" draft="true">Polynesia</territory>
			<territory type="062" draft="true">Sørlege Sentral-Asia</territory>
			<territory type="142" draft="true">Asia</territory>
			<territory type="145" draft="true">Vest-Asia</territory>
			<territory type="150" draft="true">Europa</territory>
			<territory type="151" draft="true">Aust-Europa</territory>
			<territory type="154" draft="true">Nord-Europa</territory>
			<territory type="155" draft="true">Vest-Europa</territory>
			<territory type="830" draft="true">Kanaløyene</territory>
			<territory type="833" draft="true">Man</territory>
			<territory type="AD">Andorra</territory>
			<territory type="AE">De forente arabiske emiratene</territory>
			<territory type="AF">Afghanistan</territory>
			<territory type="AG">Antigua og Barbuda</territory>
			<territory type="AI">Anguilla</territory>
			<territory type="AL">Albania</territory>
			<territory type="AM">Armenia</territory>
			<territory type="AN">De nederlandske antiller</territory>
			<territory type="AO">Angola</territory>
			<territory type="AQ">Antarktis</territory>
			<territory type="AR">Argentina</territory>
			<territory type="AS">Amerikansk Samoa</territory>
			<territory type="AT">Østerrike</territory>
			<territory type="AU">Australia</territory>
			<territory type="AW">Aruba</territory>
			<territory type="AX" draft="true">Åland</territory>
			<territory type="AZ">Aserbajdsjan</territory>
			<territory type="BA">Bosnia og Hercegovina</territory>
			<territory type="BB">Barbados</territory>
			<territory type="BD">Bangladesh</territory>
			<territory type="BE">Belgia</territory>
			<territory type="BF">Burkina Faso</territory>
			<territory type="BG">Bulgaria</territory>
			<territory type="BH">Bahrain</territory>
			<territory type="BI">Burundi</territory>
			<territory type="BJ">Benin</territory>
			<territory type="BM">Bermuda</territory>
			<territory type="BN">Brunei Darussalam</territory>
			<territory type="BO">Bolivia</territory>
			<territory type="BR">Brasil</territory>
			<territory type="BS">Bahamas</territory>
			<territory type="BT">Bhutan</territory>
			<territory type="BV">Bouvetøya</territory>
			<territory type="BW">Botswana</territory>
			<territory type="BY">Hviterussland</territory>
			<territory type="BZ">Belize</territory>
			<territory type="CA">Canada</territory>
			<territory type="CC">Kokosøyene (Keelingøyene)</territory>
			<territory type="CD">Kongo, Den demokratiske republikken</territory>
			<territory type="CF">Den sentralafrikanske republikk</territory>
			<territory type="CG">Kongo</territory>
			<territory type="CH">Sveits</territory>
			<territory type="CI">Elfenbenskysten</territory>
			<territory type="CK">Cookøyene</territory>
			<territory type="CL">Chile</territory>
			<territory type="CM">Kamerun</territory>
			<territory type="CN">Kina</territory>
			<territory type="CO">Colombia</territory>
			<territory type="CR">Costa Rica</territory>
			<territory type="CS" draft="true">Serbia Montenegro</territory>
			<territory type="CU">Cuba</territory>
			<territory type="CV">Kapp Verde</territory>
			<territory type="CX">Christmasøya</territory>
			<territory type="CY">Kypros</territory>
			<territory type="CZ">Tsjekkia</territory>
			<territory type="DE">Tyskland</territory>
			<territory type="DJ">Djibouti</territory>
			<territory type="DK">Danmark</territory>
			<territory type="DM">Dominica</territory>
			<territory type="DO">Den dominikanske republikk</territory>
			<territory type="DZ">Algerie</territory>
			<territory type="EC">Ecuador</territory>
			<territory type="EE">Estland</territory>
			<territory type="EG">Egypt</territory>
			<territory type="EH">Vest-Sahara</territory>
			<territory type="ER">Eritrea</territory>
			<territory type="ES">Spania</territory>
			<territory type="ET">Etiopia</territory>
			<territory type="FI">Finland</territory>
			<territory type="FJ">Fiji</territory>
			<territory type="FK">Falklandsøyene (Malvinas)</territory>
			<territory type="FM">Mikronesiaføderasjonen</territory>
			<territory type="FO">Færøyene</territory>
			<territory type="FR">Frankrike</territory>
			<territory type="GA">Gabon</territory>
			<territory type="GB">Storbritannia</territory>
			<territory type="GD">Grenada</territory>
			<territory type="GE">Georgia</territory>
			<territory type="GF">Fransk Guyana</territory>
			<territory type="GH">Ghana</territory>
			<territory type="GI">Gibraltar</territory>
			<territory type="GL">Grønland</territory>
			<territory type="GM">Gambia</territory>
			<territory type="GN">Guinea</territory>
			<territory type="GP">Guadeloupe</territory>
			<territory type="GQ">Ekvatorial-Guinea</territory>
			<territory type="GR">Hellas</territory>
			<territory type="GS">Sør-Georgia og Sør-Sandwich-øyene</territory>
			<territory type="GT">Guatemala</territory>
			<territory type="GU">Guam</territory>
			<territory type="GW">Guinea-Bissau</territory>
			<territory type="GY">Guyana</territory>
			<territory type="HK">Hong Kong S.A.R. (Kina)</territory>
			<territory type="HM">Heard- og McDonaldsøyene</territory>
			<territory type="HN">Honduras</territory>
			<territory type="HR">Kroatia</territory>
			<territory type="HT">Haiti</territory>
			<territory type="HU">Ungarn</territory>
			<territory type="ID">Indonesia</territory>
			<territory type="IE">Irland</territory>
			<territory type="IL">Israel</territory>
			<territory type="IN">India</territory>
			<territory type="IO">Britiske områder i det indiske hav</territory>
			<territory type="IQ">Irak</territory>
			<territory type="IR">Iran</territory>
			<territory type="IS">Island</territory>
			<territory type="IT">Italia</territory>
			<territory type="JM">Jamaica</territory>
			<territory type="JO">Jordan</territory>
			<territory type="JP">Japan</territory>
			<territory type="KE">Kenya</territory>
			<territory type="KG">Kirgisistan</territory>
			<territory type="KH">Kambodsja</territory>
			<territory type="KI">Kiribati</territory>
			<territory type="KM">Komorene</territory>
			<territory type="KN">St. Christopher og Nevis</territory>
			<territory type="KP">Nord-Korea</territory>
			<territory type="KR">Sør-Korea</territory>
			<territory type="KW">Kuwait</territory>
			<territory type="KY">Caymanøyene</territory>
			<territory type="KZ">Kasakhstan</territory>
			<territory type="LA">Laos, Den folkedemokratiske republikken</territory>
			<territory type="LB">Libanon</territory>
			<territory type="LC">St. Lucia</territory>
			<territory type="LI">Liechtenstein</territory>
			<territory type="LK">Sri Lanka</territory>
			<territory type="LR">Liberia</territory>
			<territory type="LS">Lesotho</territory>
			<territory type="LT">Litauen</territory>
			<territory type="LU">Luxembourg</territory>
			<territory type="LV">Latvia</territory>
			<territory type="LY">Libya</territory>
			<territory type="MA">Marokko</territory>
			<territory type="MC">Monaco</territory>
			<territory type="MD">Moldova</territory>
			<territory type="MG">Madagaskar</territory>
			<territory type="MH">Marshalløyene</territory>
			<territory type="MK">Makedonia, Republikken</territory>
			<territory type="ML">Mali</territory>
			<territory type="MM">Myanmar</territory>
			<territory type="MN">Mongolia</territory>
			<territory type="MO">Macao S.A.R. (Kina)</territory>
			<territory type="MP">Nord-Marianene</territory>
			<territory type="MQ">Martinique</territory>
			<territory type="MR">Mauritania</territory>
			<territory type="MS">Montserrat</territory>
			<territory type="MT">Malta</territory>
			<territory type="MU">Mauritius</territory>
			<territory type="MV">Maldivene</territory>
			<territory type="MW">Malawi</territory>
			<territory type="MX">Mexico</territory>
			<territory type="MY">Malaysia</territory>
			<territory type="MZ">Mosambik</territory>
			<territory type="NA">Namibia</territory>
			<territory type="NC">Ny-Caledonia</territory>
			<territory type="NE">Niger</territory>
			<territory type="NF">Norfolkøyene</territory>
			<territory type="NG">Nigeria</territory>
			<territory type="NI">Nicaragua</territory>
			<territory type="NL">Nederland</territory>
			<territory type="NO">Noreg</territory>
			<territory type="NP">Nepal</territory>
			<territory type="NR">Nauru</territory>
			<territory type="NU">Niue</territory>
			<territory type="NZ">New Zealand</territory>
			<territory type="OM">Oman</territory>
			<territory type="PA">Panama</territory>
			<territory type="PE">Peru</territory>
			<territory type="PF">Fransk Polynesia</territory>
			<territory type="PG">Papua Ny-Guinea</territory>
			<territory type="PH">Filippinene</territory>
			<territory type="PK">Pakistan</territory>
			<territory type="PL">Polen</territory>
			<territory type="PM">St. Pierre og Miquelon</territory>
			<territory type="PN">Pitcairn</territory>
			<territory type="PR">Puerto Rico</territory>
			<territory type="PS">Palestinsk territorium</territory>
			<territory type="PT">Portugal</territory>
			<territory type="PW">Palau</territory>
			<territory type="PY">Paraguay</territory>
			<territory type="QA">Qatar</territory>
			<territory type="QO" draft="true">Ytre Oseania</territory>
			<territory type="RE">Reunion</territory>
			<territory type="RO">Romania</territory>
			<territory type="RU">Den russiske føderasjon</territory>
			<territory type="RW">Rwanda</territory>
			<territory type="SA">Saudi Arabia</territory>
			<territory type="SB">Salomonøyene</territory>
			<territory type="SC">Seychellene</territory>
			<territory type="SD">Sudan</territory>
			<territory type="SE">Sverige</territory>
			<territory type="SG">Singapore</territory>
			<territory type="SH">Saint Helena</territory>
			<territory type="SI">Slovenia</territory>
			<territory type="SJ">Svalbard og Jan Mayen</territory>
			<territory type="SK">Slovakia</territory>
			<territory type="SL">Sierra Leone</territory>
			<territory type="SM">San Marino</territory>
			<territory type="SN">Senegal</territory>
			<territory type="SO">Somalia</territory>
			<territory type="SR">Surinam</territory>
			<territory type="ST">Sao Tome og Principe</territory>
			<territory type="SV">El Salvador</territory>
			<territory type="SY">Syria</territory>
			<territory type="SZ">Swaziland</territory>
			<territory type="TC">Turks- og Caicosøyene</territory>
			<territory type="TD">Tchad</territory>
			<territory type="TF">Franske sørområder</territory>
			<territory type="TG">Togo</territory>
			<territory type="TH">Thailand</territory>
			<territory type="TJ">Tadsjikistan</territory>
			<territory type="TK">Tokelau</territory>
			<territory type="TL">Øst-Timor</territory>
			<territory type="TM">Turkmenistan</territory>
			<territory type="TN">Tunisia</territory>
			<territory type="TO">Tonga</territory>
			<territory type="TR">Tyrkia</territory>
			<territory type="TT">Trinidad og Tobago</territory>
			<territory type="TV">Tuvalu</territory>
			<territory type="TW">Taiwan</territory>
			<territory type="TZ">Tanzania</territory>
			<territory type="UA">Ukraina</territory>
			<territory type="UG">Uganda</territory>
			<territory type="UM">USAs mindre øyer</territory>
			<territory type="US">USA</territory>
			<territory type="UY">Uruguay</territory>
			<territory type="UZ">Usbekistan</territory>
			<territory type="VA">Vatikanstaten</territory>
			<territory type="VC">St. Vincent og Grenadinene</territory>
			<territory type="VE">Venezuela</territory>
			<territory type="VG">Jomfruøyene (britisk)</territory>
			<territory type="VI">Jomfruøyene (USA)</territory>
			<territory type="VN">Vietnam</territory>
			<territory type="VU">Vanuatu</territory>
			<territory type="WF">Wallis og Futuna</territory>
			<territory type="WS">Samoa</territory>
			<territory type="YE">Yemen</territory>
			<territory type="YT">Mayotte</territory>
			<territory type="ZA">Sør-Afrika</territory>
			<territory type="ZM">Zambia</territory>
			<territory type="ZW">Zimbabwe</territory>
		</territories>
	</localeDisplayNames>
	<characters>
		<exemplarCharacters>[a-zæåøéóôàüǎ]</exemplarCharacters>
	</characters>
	<dates>
		<calendars>
			<calendar type="gregorian">
				<months>
					<monthContext type="format">
						<monthWidth type="abbreviated">
							<month type="1">jan</month>
							<month type="1" alt="proposed" references="R1" draft="true">jan.</month>
							<month type="2">feb</month>
							<month type="2" alt="proposed" references="R1" draft="true">feb.</month>
							<month type="3">mar</month>
							<month type="3" alt="proposed" references="R1" draft="true">mars</month>
							<month type="4">apr</month>
							<month type="4" alt="proposed" references="R1" draft="true">april</month>
							<month type="5" references="R1">mai</month>
							<month type="6">jun</month>
							<month type="6" alt="proposed" references="R1" draft="true">juni</month>
							<month type="7">jul</month>
							<month type="7" alt="proposed" references="R1" draft="true">juli</month>
							<month type="8">aug</month>
							<month type="8" alt="proposed" references="R1" draft="true">aug.</month>
							<month type="9">sep</month>
							<month type="9" alt="proposed" references="R1" draft="true">sep.</month>
							<month type="10">okt</month>
							<month type="10" alt="proposed" references="R1" draft="true">okt.</month>
							<month type="11">nov</month>
							<month type="11" alt="proposed" references="R1" draft="true">nov.</month>
							<month type="12">des</month>
							<month type="12" alt="proposed" references="R1" draft="true">des.</month>
						</monthWidth>
						<monthWidth type="wide">
							<month type="1">januar</month>
							<month type="2">februar</month>
							<month type="3">mars</month>
							<month type="4">april</month>
							<month type="5">mai</month>
							<month type="6">juni</month>
							<month type="7">juli</month>
							<month type="8">august</month>
							<month type="9">september</month>
							<month type="10">oktober</month>
							<month type="11">november</month>
							<month type="12">desember</month>
						</monthWidth>
					</monthContext>
				</months>
				<days>
					<dayContext type="format">
						<dayWidth type="abbreviated">
							<day type="sun">su</day>
							<day type="sun" alt="proposed" references="R1" draft="true">su.</day>
							<day type="mon">må</day>
							<day type="mon" alt="proposed" references="R1" draft="true">må.</day>
							<day type="tue">ty</day>
							<day type="tue" alt="proposed" references="R1" draft="true">ty.</day>
							<day type="wed">on</day>
							<day type="wed" alt="proposed" references="R1" draft="true">on.</day>
							<day type="thu">to</day>
							<day type="thu" alt="proposed" references="R1" draft="true">to.</day>
							<day type="fri">fr</day>
							<day type="fri" alt="proposed" references="R1" draft="true">fr.</day>
							<day type="sat">la</day>
							<day type="sat" alt="proposed" references="R1" draft="true">la.</day>
						</dayWidth>
						<dayWidth type="wide">
							<day type="sun">sundag</day>
							<day type="mon">måndag</day>
							<day type="tue">tysdag</day>
							<day type="wed">onsdag</day>
							<day type="thu">torsdag</day>
							<day type="fri">fredag</day>
							<day type="sat">laurdag</day>
						</dayWidth>
					</dayContext>
					<dayContext type="stand-alone">
						<dayWidth type="narrow">
							<day type="sun" draft="true">S</day>
							<day type="mon" draft="true">M</day>
							<day type="tue" draft="true">T</day>
							<day type="wed" draft="true">O</day>
							<day type="thu" draft="true">T</day>
							<day type="fri" draft="true">F</day>
							<day type="sat" draft="true">L</day>
						</dayWidth>
					</dayContext>
				</days>
				<week>
					<minDays count="4"/>
					<firstDay day="mon"/>
				</week>
				<am draft="true">a.m.</am>
				<pm draft="true">p.m.</pm>
				<eras>
					<eraAbbr>
						<era type="0">f.Kr.</era>
						<era type="1">e.Kr.</era>
					</eraAbbr>
				</eras>
				<dateFormats>
					<dateFormatLength type="full">
						<dateFormat>
							<pattern>EEEE d. MMMM yyyy</pattern>
						</dateFormat>
					</dateFormatLength>
					<dateFormatLength type="long">
						<dateFormat>
							<pattern>d. MMMM yyyy</pattern>
						</dateFormat>
					</dateFormatLength>
					<dateFormatLength type="medium">
						<dateFormat>
							<pattern>d. MMM. yyyy</pattern>
						</dateFormat>
					</dateFormatLength>
					<dateFormatLength type="short">
						<dateFormat>
							<pattern>dd.MM.yy</pattern>
						</dateFormat>
					</dateFormatLength>
				</dateFormats>
				<timeFormats>
					<timeFormatLength type="full">
						<timeFormat>
							<pattern>'kl. 'HH.mm.ss z</pattern>
						</timeFormat>
					</timeFormatLength>
					<timeFormatLength type="long">
						<timeFormat>
							<pattern>HH.mm.ss z</pattern>
						</timeFormat>
					</timeFormatLength>
					<timeFormatLength type="medium">
						<timeFormat>
							<pattern>HH.mm.ss</pattern>
						</timeFormat>
					</timeFormatLength>
					<timeFormatLength type="short">
						<timeFormat>
							<pattern>HH.mm</pattern>
						</timeFormat>
					</timeFormatLength>
				</timeFormats>
			</calendar>
		</calendars>
		<timeZoneNames>
			<hourFormat>+HH.mm;-HH.mm</hourFormat>
			<zone type="Antarctica/South_Pole">
				<exemplarCity draft="true">Sørpolen</exemplarCity>
			</zone>
			<zone type="Pacific/Easter">
				<exemplarCity draft="true">Påskeøya</exemplarCity>
			</zone>
			<zone type="Atlantic/Canary">
				<exemplarCity draft="true">Kanariøyene</exemplarCity>
			</zone>
			<zone type="America/Godthab">
				<exemplarCity draft="true">Godthåb</exemplarCity>
			</zone>
			<zone type="Asia/Ulaanbaatar">
				<exemplarCity draft="true">Ulan Bator</exemplarCity>
			</zone>
			<zone type="America/Mexico_City">
				<exemplarCity draft="true">Mexico by</exemplarCity>
			</zone>
			<zone type="Atlantic/Azores">
				<exemplarCity draft="true">Azorene</exemplarCity>
			</zone>
			<zone type="Europe/Lisbon">
				<exemplarCity draft="true">Lisboa</exemplarCity>
			</zone>
			<zone type="Europe/Moscow">
				<exemplarCity draft="true">Moskva</exemplarCity>
			</zone>
			<zone type="Asia/Tashkent">
				<exemplarCity draft="true">Tasjkent</exemplarCity>
			</zone>
		</timeZoneNames>
	</dates>
	<numbers>
		<symbols>
			<decimal>,</decimal>
			<group> </group>
		</symbols>
		<currencies>
			<currency type="BRL">
				<displayName draft="true">Brasilianske real</displayName>
			</currency>
			<currency type="CNY">
				<displayName draft="true">Kinesiske yuan renminbi</displayName>
			</currency>
			<currency type="GBP">
				<displayName draft="true">Britiske pund</displayName>
			</currency>
			<currency type="INR">
				<displayName draft="true">Indiske rupi</displayName>
			</currency>
			<currency type="NOK">
				<symbol>kr</symbol>
			</currency>
			<currency type="NOK" alt="proposed">
				<displayName draft="true">Norske kroner</displayName>
			</currency>
			<currency type="RUB">
				<displayName draft="true">Russiske rubler</displayName>
			</currency>
			<currency type="USD">
				<displayName draft="true">Amerikanske dollar</displayName>
			</currency>
		</currencies>
	</numbers>
	<references>
		<reference type="R1" uri="URN:ISBN:82-03-32936-5">Vinje, Finn-Erik, Skriveregler (1994)</reference>
	</references>
</ldml>