<?xml version="1.0" encoding="UTF-8" ?>
<!DOCTYPE ldml SYSTEM "http://www.unicode.org/cldr/dtd/1.3/ldml.dtd">
<ldml>
	<identity>
		<version number="$Revision: 1.20 $"/>
		<generation date="$Date: 2005/05/24 16:42:32 $"/>
		<language type="uz"/>
	</identity>
	<localeDisplayNames>
		<languages>
			<language type="ar" draft="true">Арабча</language>
			<language type="de" draft="true">Олмонча</language>
			<language type="en" draft="true">Инглизча</language>
			<language type="es" draft="true">Испанча</language>
			<language type="fr" draft="true">Французча</language>
			<language type="hi" draft="true">Ҳиндча</language>
			<language type="it" draft="true">Италянча</language>
			<language type="ja" draft="true">Японча</language>
			<language type="pt" draft="true">Португалча</language>
			<language type="ru" draft="true">Русча</language>
			<language type="uz" draft="true">Ўзбек</language>
			<language type="zh" draft="true">Хитойча</language>
		</languages>
		<scripts>
			<script type="Arab" draft="true">Араб</script>
			<script type="Cyrl" draft="true">Кирил</script>
			<script type="Latn" draft="true">Лотин</script>
		</scripts>
		<territories>
			<territory type="AF" draft="true">Афғонистон</territory>
			<territory type="BR" draft="true">Бразилия</territory>
			<territory type="CN" draft="true">Хитой</territory>
			<territory type="DE" draft="true">Олмония</territory>
			<territory type="FR" draft="true">Франция</territory>
			<territory type="GB" draft="true">Бирлашган Қироллик</territory>
			<territory type="IN" draft="true">Ҳиндистон</territory>
			<territory type="IT" draft="true">Италия</territory>
			<territory type="JP" draft="true">Япония</territory>
			<territory type="RU" draft="true">Россия</territory>
			<territory type="US" draft="true">Қўшма Штатлар</territory>
			<territory type="UZ" draft="true">Ўзбекистон</territory>
		</territories>
	</localeDisplayNames>
	<characters>
		<exemplarCharacters draft="true">[а-яёіўѣѳѵҳ]</exemplarCharacters>
	</characters>
	<dates>
		<calendars>
			<calendar type="gregorian">
				<months>
					<monthContext type="format">
						<monthWidth type="abbreviated">
							<month type="1" draft="true">Янв</month>
							<month type="2" draft="true">Фев</month>
							<month type="3" draft="true">Мар</month>
							<month type="4" draft="true">Апр</month>
							<month type="5" draft="true">Май</month>
							<month type="6" draft="true">Июн</month>
							<month type="7" draft="true">Июл</month>
							<month type="8" draft="true">Авг</month>
							<month type="9" draft="true">Сен</month>
							<month type="10" draft="true">Окт</month>
							<month type="11" draft="true">Ноя</month>
							<month type="12" draft="true">Дек</month>
						</monthWidth>
						<monthWidth type="wide">
							<month type="1" draft="true">Муҳаррам</month>
							<month type="1" alt="proposed" draft="true">Январь</month>
							<month type="2" draft="true">Сафар</month>
							<month type="2" alt="proposed" draft="true">Февраль</month>
							<month type="3" draft="true">Рабиул-аввал</month>
							<month type="3" alt="proposed" draft="true">Март</month>
							<month type="4" draft="true">Рабиул-охир</month>
							<month type="4" alt="proposed" draft="true">Апрель</month>
							<month type="5" draft="true">Жумодиул-уло</month>
							<month type="5" alt="proposed" draft="true">Май</month>
							<month type="6" draft="true">Жумодиул-ухро</month>
							<month type="6" alt="proposed" draft="true">Июнь</month>
							<month type="7" draft="true">Ражаб</month>
							<month type="7" alt="proposed" draft="true">Июль</month>
							<month type="8" draft="true">Шаъбон</month>
							<month type="8" alt="proposed" draft="true">Август</month>
							<month type="9" draft="true">Рамазон</month>
							<month type="9" alt="proposed" draft="true">Сентябрь</month>
							<month type="10" draft="true">Шаввол</month>
							<month type="10" alt="proposed" draft="true">Октябрь</month>
							<month type="11" draft="true">Зил-қаъда</month>
							<month type="11" alt="proposed" draft="true">Ноябрь</month>
							<month type="12" draft="true">Зил-ҳижжа</month>
							<month type="12" alt="proposed" draft="true">Декабрь</month>
						</monthWidth>
					</monthContext>
					<monthContext type="stand-alone">
						<monthWidth type="narrow">
							<month type="1" draft="true">Я</month>
							<month type="2" draft="true">Ф</month>
							<month type="3" draft="true">М</month>
							<month type="4" draft="true">А</month>
							<month type="5" draft="true">М</month>
							<month type="6" draft="true">И</month>
							<month type="7" draft="true">И</month>
							<month type="8" draft="true">А</month>
							<month type="9" draft="true">С</month>
							<month type="10" draft="true">О</month>
							<month type="11" draft="true">Н</month>
							<month type="12" draft="true">Д</month>
						</monthWidth>
					</monthContext>
				</months>
				<days>
					<dayContext type="format">
						<dayWidth type="abbreviated">
							<day type="sun" draft="true">Якш</day>
							<day type="mon" draft="true">Душ</day>
							<day type="tue" draft="true">Сеш</day>
							<day type="wed" draft="true">Чор</day>
							<day type="thu" draft="true">Пай</day>
							<day type="fri" draft="true">Жум</day>
							<day type="sat" draft="true">Шан</day>
						</dayWidth>
						<dayWidth type="wide">
							<day type="sun" draft="true">якшанба</day>
							<day type="sun" alt="proposed" draft="true">Якшанба</day>
							<day type="mon" draft="true">душанба</day>
							<day type="mon" alt="proposed" draft="true">Душанба</day>
							<day type="tue" draft="true">сешанба</day>
							<day type="tue" alt="proposed" draft="true">Сешанба</day>
							<day type="wed" draft="true">чоршанба</day>
							<day type="wed" alt="proposed" draft="true">Чоршанба</day>
							<day type="thu" draft="true">пайшанба</day>
							<day type="thu" alt="proposed" draft="true">Пайшанба</day>
							<day type="fri" draft="true">жума</day>
							<day type="fri" alt="proposed" draft="true">Жума</day>
							<day type="sat" draft="true">шанба</day>
							<day type="sat" alt="proposed" draft="true">Шанба</day>
						</dayWidth>
					</dayContext>
					<dayContext type="stand-alone">
						<dayWidth type="narrow">
							<day type="sun" draft="true">Я</day>
							<day type="mon" draft="true">Д</day>
							<day type="tue" draft="true">С</day>
							<day type="wed" draft="true">Ч</day>
							<day type="thu" draft="true">П</day>
							<day type="fri" draft="true">Ж</day>
							<day type="sat" draft="true">Ш</day>
						</dayWidth>
					</dayContext>
				</days>
			</calendar>
		</calendars>
	</dates>
	<numbers>
		<symbols>
			<decimal draft="true">,</decimal>
			<group draft="true"> </group>
		</symbols>
		<currencies>
			<currency type="BRL">
				<displayName draft="true">Бразил реали</displayName>
			</currency>
			<currency type="CNY">
				<displayName draft="true">Хитой юани</displayName>
			</currency>
			<currency type="EUR">
				<displayName draft="true">Евро</displayName>
			</currency>
			<currency type="GBP">
				<displayName draft="true">Инглиз фунт стерлинги</displayName>
			</currency>
			<currency type="INR">
				<displayName draft="true">Ҳинд рупияси</displayName>
			</currency>
			<currency type="JPY">
				<displayName draft="true">Япон йенаси</displayName>
			</currency>
			<currency type="RUB">
				<displayName draft="true">Рус рубли</displayName>
			</currency>
			<currency type="USD">
				<displayName draft="true">АҚШ доллари</displayName>
			</currency>
			<currency type="UZS">
				<displayName draft="true">Ўзбекистон сўм</displayName>
				<symbol draft="true">сўм</symbol>
			</currency>
		</currencies>
	</numbers>
</ldml>

